PPXD10018B,S,M,L,XL,XXL
PPXF10016A,S,M,L,XL,XXL
PPXH10018C,37,38,39,40,41,42,43,44,45
PPXD10011C,S,M,L,XL,XXL
PPXF10032C,S,M,L,XL,XXL
PPXD10030D,S,M,L,XL,XXL
PPXH10042A,37,38,39,40,41,42,43,44,45
PPXH10033B,37,38,39,40,41,42,43,44,45
PPXH30014A,37,38,39,40,41,42,43,44,45
PP2J00010B,S,M,L,XL,XXL
PPXJ30008D,S,M,L,XL,XXL
PPXF10012A,S,M,L,XL,XXL
PPXH10007B,37,38,39,40,41,42,43,44,45
PPXJ10005B,S,M,L,XL,XXL
PP2H00010B,37,38,39,40,41,42,43,44,45
PPXH30027B,37,38,39,40,41,42,43,44,45
PPXH10010A,37,38,39,40,41,42,43,44,45
PPXD10003D,S,M,L,XL,XXL
PPXJ10009D,S,M,L,XL,XXL
PPXJ10001E,S,M,L,XL,XXL
PPXJ30012E,S,M,L,XL,XXL
PPXH30018A,37,38,39,40,41,42,43,44,45
PPXJ30027G,S,M,L,XL,XXL
PP2J00007C,S,M,L,XL,XXL
PP2H00001A,37,38,39,40,41,42,43,44,45
PPXH10022C,37,38,39,40,41,42,43,44,45
PPXH10055A,37,38,39,40,41,42,43,44,45
PPXJ30029E,S,M,L,XL,XXL
PPXJ30036C,S,M,L,XL,XXL
PPXD10003B,S,M,L,XL,XXL
PPXJ30024D,S,M,L,XL,XXL
PPXH10035B,37,38,39,40,41,42,43,44,45,M,01,12
PPXJ30028A,S,M,L,XL,XXL
PPXJ30026B,S,M,L,XL,XXL
PPXH10032M,37,38,39,40,41,42,43,44,45
PPXJ30034A,S,M,L,XL,XXL
PPXH30021K,37,38,39,40,41,42,43,44,45
PP0H0A024,37,38,39,40,41,42,43,44,45
PPXF30014B,S,M,L,XL,XXL
PPXF30006C,S,M,L,XL,XXL
PPXH30069A,37,38,39,40,41,42,43,44,45,46
PPXJ30058B,S,M,L,XL,XXL
PPXJ30031F,S,M,L,XL,XXL
PPXF30011E,S,M,L,XL,XXL
PPXJ10006E,S,M,L,XL,XXL
PPXJ10005F,S,M,L,XL,XXL
PP2J00009C,S,M,L,XL,XXL
PPXJ30010D,S,M,L,XL,XXL
PPXJ30028B,S,M,L,XL,XXL
PP2H00016A,37,38,39,40,41,42,43,44,45
PP2J00001A,S,M,L,XL,XXL,20
PPXJ30060D,S,M,L,XL,XXL
PPXD10030E,S,M,L,XL,XXL
PPXJ30015B,S,M,L,XL,XXL
PPXJ30030A,S,M,L,XL,XXL
PPXH10013A,37,38,39,40,41,42,43,44,45
PPXH30066A,37,38,39,40,41,42,43,44,45,46
PPXJ30014A,S,M,L,XL,XXL
PPXH10021F,S,M,L,XL,XXL,20,01,10
PPXD10016B,S,M,L,XL,XXL
PPXH10032H,37,38,39,40,41,42,43,44,45
PP0H0A027,37,38,39,40,41,42,43,44,45
PPXD10011A,S,M,L,XL,XXL
PPXJ10005D,S,M,L,XL,XXL
PPXJ30027A,S,M,L,XL,XXL
PPXJ10016B,S,M,L,XL,XXL
PPXH10017P,37,38,39,40,41,42,43,44,45
PPXF10001C,S,M,L,XL,XXL
PPXJ30062C,S,M,L,XL,XXL
PPXD10009B,S,M,L,XL,XXL
PPXD10029A,S,M,L,XL,XXL
PPXJ30028D,S,M,L,XL,XXL
PPXJ30050A,S,M,L,XL,XXL
PPXJ30031A,S,M,L,XL,XXL
PPXH10032L,37,38,39,40,41,42,43,44,45
PP2H00010C,37,38,39,40,41,42,43,44,45
PPXJ30029C,S,M,L,XL,XXL
PPXH10005A,37,38,39,40,41,42,43,44,45
PPXJ10002B,S,M,L,XL,XXL
PPXF30013A,S,M,L,XL,XXL
PPXH10032N,37,38,39,40,41,42,43,44,45
PP2HC10008,37,38,39,40,41,42,43,44,45
PPXH10040A,37,38,39,40,41,42,43,44,45
PPXJ10008B,S,M,L,XL,XXL
PPXF30012C,S,M,L,XL,XXL
PPXJ10021A,S,M,L,XL,XXL
PPXJ10014B,S,M,L,XL,XXL
PPXF30011D,S,M,L,XL,XXL
PPXH10017L,37,38,39,40,41,42,43,44,45
PPXH30021H,37,38,39,40,41,42,43,44,45
PP2HC0001,37,38,39,40,41,42,43,44,45
PPXD10019J,S,M,L,XL,XXL
PPXH10022B,37,38,39,40,41,42,43,44,45
PPXD10016E,S,M,L,XL,XXL
PPXJ30031E,S,M,L,XL,XXL
PPXJ30031G,S,M,L,XL,XXL
PPXH30050B,37,38,39,40,41,42,43,44,45
PP2HC0011,37,38,39,40,41,42,43,44,45
PPXH10006A,37,38,39,40,41,42,43,44,45
PPXF30012A,S,M,L,XL,XXL
PPXH30014B,37,38,39,40,41,42,43,44,45
PPXH30024F,37,38,39,40,41,42,43,44,45
PPXH10065A,
PPXJ10002D,S,M,L,XL,XXL
PP2H00015A,37,38,39,40,41,42,43,44,45
PPXH10055D,37,38,39,40,41,42,43,44,45
PPXJ30018D,S,M,L,XL,XXL
PPXH30016D,37,38,39,40,41,42,43,44,45
PPXJ30008F,S,M,L,XL,XXL
PPXF30011G,S,M,L,XL,XXL
PPXJ30030I,S,M,L,XL,XXL
PPXH30054A,37,38,39,40,41,42,43,44,45
PPXH30006C,37,38,39,40,41,42,43,44,45
PPXD10019Q,S,M,L,XL,XXL
PPXH10033D,37,38,39,40,41,42,43,44,45
PP2H00012A,37,38,39,40,41,42,43,44,45
PPXH30020E,37,38,39,40,41,42,43,44,45
PPXH10022D,37,38,39,40,41,42,43,44,45
PPXH10009A,37,38,39,40,41,42,43,44,45
PP2HC10011,37,38,39,40,41,42,43,44,45
PPXJ10009B,S,M,L,XL,XXL
PPXF30011F,S,M,L,XL,XXL
PP2H00013B,37,38,39,40,41,42,43,44,45
PP2D00001B,S,M,L,XL,XXL
PPXD10032B,S,M,L,XL,XXL
PPXF30011C,S,M,L,XL,XXL
PPXH30016C,37,38,39,40,41,42,43,44,45
PPXF30011I,S,M,L,XL,XXL
PPXH30012C,37,38,39,40,41,42,43,44,45
PPXH10037A,37,38,39,40,41,42,43,44,45
PPXJ10016C,S,M,L,XL,XXL
PPXJ30061B,S,M,L,XL,XXL
PPXH30009F,37,38,39,40,41,42,43,44,45
PPXJ30030F,S,M,L,XL,XXL
PPXH10022A,37,38,39,40,41,42,43,44,45
PPXD10022B,S,M,L,XL,XXL
PPXD10030C,S,M,L,XL,XXL
PPXD10020D,S,M,L,XL,XXL
PPXJ30018G,S,M,L,XL,XXL
PPXJ30008C,S,M,L,XL,XXL
PPXH30069B,37,38,39,40,41,42,43,44,45,46
PPXJ30024F,S,M,L,XL,XXL
PPXD10020B,S,M,L,XL,XXL
PPXD10025B,S,M,L,XL,XXL
PPXD10033A,S,M,L,XL,XXL
PPXH10017Q,37,38,39,40,41,42,43,44,45
PPXH10044A,37,38,39,40,41,42,43,44,45
PP0H0A003,37,38,39,40,41,42,43,44,45
PPXH10015A,37,38,39,40,41,42,43,44,45
PPXD10019K,S,M,L,XL,XXL
PPXF30051A,S,M,L,XL,XXL
PPXF30022C,S,M,L,XL,XXL
PPXH10021E,S,M,L,XL,XXL,10,01,20
PPXH10041C,37,38,39,40,41,42,43,44,45
PPXD10019C,S,M,L,XL,XXL
PPXH10011A,37,38,39,40,41,42,43,44,45
PP2H00012B,37,38,39,40,41,42,43,44,45
PPXJ30019C,S,M,L,XL,XXL
PPXH10017E,37,38,39,40,41,42,43,44,45
PPXH30050A,37,38,39,40,41,42,43,44,45
PPXH10074A,
PPXJ10006D,S,M,L,XL,XXL
PPXD10017A,S,M,L,XL,XXL
PPXD10012C,S,M,L,XL,XXL
PPXD10019P,S,M,L,XL,XXL
PPXH30020H,37,38,39,40,41,42,43,44,45
PPXF10032B,S,M,L,XL,XXL
PPXD10001G,S,M,L,XL,XXL
PPXJ30019A,S,M,L,XL,XXL
PPXH10017D,37,38,39,40,41,42,43,44,45
PPXJ30051A,S,M,L,XL,XXL
PPXH30007C,37,38,39,40,41,42,43,44,45
PPXJ30058C,S,M,L,XL,XXL
PPXH10023A,37,38,39,40,41,42,43,44,45
PPXF10014B,S,M,L,XL,XXL
PPXJ30057A,S,M,L,XL,XXL
PPXD10025A,S,M,L,XL,XXL
PPXH30041A,37,38,39,40,41,42,43,44,45
PPXD10017B,S,M,L,XL,XXL
PPXF10011A,S,M,L,XL,XXL
PPXF30014A,S,M,L,XL,XXL
PPXD10011E,S,M,L,XL,XXL
PPXJ30062E,S,M,L,XL,XXL
PPXJ30019D,S,M,L,XL,XXL
PPXH10034B,37,38,39,40,41,42,43,44,45
PPXD10007I,S,M,L,XL,XXL
PPXD10011B,S,M,L,XL,XXL
PPXH30021C,37,38,39,40,41,42,43,44,45
PPXF10026A,S,M,L,XL,XXL
PPXD10019A,S,M,L,XL,XXL
PPXF30022E,S,M,L,XL,XXL
PPXH10017F,37,38,39,40,41,42,43,44,45
PP2J00008C,S,M,L,XL,XXL
PPXH10017C,37,38,39,40,41,42,43,44,45
PPXD10030F,S,M,L,XL,XXL
PP2HC0013,37,38,39,40,41,42,43,44,45,46
PPXH10067A,39,40,41,42,43,44,45,46,47
PPXJ30007D,S,M,L,XL,XXL
PP2J00001C,S,M,L,XL,XXL
PP2D00001C,S,M,L,XL,XXL
PPXJ10002A,S,M,L,XL,XXL
PPXJ30030B,S,M,L,XL,XXL
PPXJ30036D,S,M,L,XL,XXL
PPXJ10016D,S,M,L,XL,XXL
PPXD10001A,S,M,L,XL,XXL
PPXH10019C,37,38,39,40,41,42,43,44,45
PPXH30037I,37,38,39,40,41,42,43,44,45
PPXJ30027B,S,M,L,XL,XXL
PPXH30017A,37,38,39,40,41,42,43,44,45
PPXJ30058A,S,M,L,XL,XXL
PPXH30020A,37,38,39,40,41,42,43,44,45
PP2H00011B,37,38,39,40,41,42,43,44,45
PPXJ30058F,S,M,L,XL,XXL
PPXH30046A,37,38,39,40,41,42,43,44,45
PP0H0A001,37,38,39,40,41,42,43,44,45
PPXJ10003D,S,M,L,XL,XXL
PPXH10034A,37,38,39,40,41,42,43,44,45
PPXJ10008F,S,M,L,XL,XXL
PPXH30022F,37,38,39,40,41,42,43,44,45
PPXH10049A,37,38,39,40,41,42,43,44,45
PPXH30037B,37,38,39,40,41,42,43,44,45
PPXJ30027E,S,M,L,XL,XXL
PPXH30032D,37,38,39,40,41,42,43,44,45
PPXD10007C,S,M,L,XL,XXL
PPXH10017K,37,38,39,40,41,42,43,44,45
PPXJ30048D,S,M,L,XL,XXL
PPXD10032A,S,M,L,XL,XXL
PPXD10001F,S,M,L,XL,XXL
PPXJ30050B,S,M,L,XL,XXL
PPXH10017S,37,38,39,40,41,42,43,44,45
PPXF30011H,S,M,L,XL,XXL
PP2J00012C,S,M,L,XL,XXL
PPXD10016D,S,M,L,XL,XXL
PP2H00011A,37,38,39,40,41,42,43,44,45
PPXJ10020B,S,M,L,XL,XXL
PPXJ10021D,S,M,L,XL,XXL
PPXJ30025F,S,M,L,XL,XXL
PPXD10002A,S,M,L,XL,XXL
PPXH10007A,37,38,39,40,41,42,43,44,45
PPXH10021B,S,M,L,XL,XXL,01,10,20
PP2H00008A,37,38,39,40,41,42,43,44,45
PPXD10020J,S,M,L,XL,XXL
PPXH10066C,39,40,41,42,43,44,45,46,47
PPXJ10002E,S,M,L,XL,XXL
PP2J00010C,S,M,L,XL,XXL
PPXF10013A,S,M,L,XL,XXL
PPXH10017I,37,38,39,40,41,42,43,44,45
PPXF10034A,S,M,L,XL,XXL
PP2J00010D,S,M,L,XL,XXL
PPXD10019E,S,M,L,XL,XXL
PPXJ30047B,S,M,L,XL,XXL
PPXJ30063D,S,M,L,XL,XXL
PPXD10007G,S,M,L,XL,XXL
PPXJ30062D,S,M,L,XL,XXL
PPXD10029B,S,M,L,XL,XXL
PPXH10034D,37,38,39,40,41,42,43,44,45
PPXJ30003A,S,M,L,XL,XXL
PPXD10023E,S,M,L,XL,XXL
PP2H00017B,37,38,39,40,41,42,43,44,45
PPXH30010A,37,38,39,40,41,42,43,44,45
PP2H00011C,37,38,39,40,41,42,43,44,45
PP2J00001B,S,M,L,XL,XXL,20
PPXF30006B,S,M,L,XL,XXL
PPXH30020F,37,38,39,40,41,42,43,44,45
PPXJ30029D,S,M,L,XL,XXL
PPXH10023C,37,38,39,40,41,42,43,44,45
PP0H0A028,37,38,39,40,41,42,43,44,45
PPXD10019O,S,M,L,XL,XXL
PPXD10020K,S,M,L,XL,XXL
PP2J00008D,S,M,L,XL,XXL
PPXJ30026G,S,M,L,XL,XXL
PPXJ30030D,S,M,L,XL,XXL
PPXH30006B,37,38,39,40,41,42,43,44,45
PPXH10059A,S,M,L,XL,XXL
PPXJ30008E,S,M,L,XL,XXL
PPXJ30058D,S,M,L,XL,XXL
PP2HC0006,37,38,39,40,41,42,43,44,45
PPXH30030C,37,38,39,40,41,42,43,44,45
PPXJ10002C,S,M,L,XL,XXL
PPXH10004A,37,38,39,40,41,42,43,44,45
PPXJ10021B,S,M,L,XL,XXL
PPXH10039B,37,38,39,40,41,42,43,44,45
PPXF10001I,S,M,L,XL,XXL
PP2J00010A,S,M,L,XL,XXL
PPXJ10017B,S,M,L,XL,XXL
PPXH30009B,37,38,39,40,41,42,43,44,45
PPXF10002A,S,M,L,XL,XXL
PPXH10032C,37,38,39,40,41,42,43,44,45
PPXH10031B,37,38,39,40,41,42,43,44,45
PP2H00018A,37,38,39,40,41,42,43,44,45
PPXH10042B,37,38,39,40,41,42,43,44,45
PPXH30006A,37,38,39,40,41,42,43,44,45
PPXH30001A,37,38,39,40,41,42,43,44,45
PP0H0A036,37,38,39,40,41,42,43,44,45
PPXJ30035A,S,M,L,XL,XXL
PP2J00008A,S,M,L,XL,XXL
PPXJ30012A,S,M,L,XL,XXL
PPXJ30012D,S,M,L,XL,XXL
PPXJ30046A,S,M,L,XL,XXL
PP2H00020A,37,38,39,40,41,42,43,44,45
PPXF30011A,S,M,L,XL,XXL
PPXH10010F,37,38,39,40,41,42,43,44,45
PPXH10030B,37,38,39,40,41,42,43,44,45
PPXJ30046D,S,M,L,XL,XXL
PPXD10023B,S,M,L,XL,XXL
PPXJ30007F,S,M,L,XL,XXL
PPXH10032O,37,38,39,40,41,42,43,44,45
PPXJ30063E,S,M,L,XL,XXL
PPXJ30011E,S,M,L,XL,XXL
PPXH10012A,37,38,39,40,41,42,43,44,45
PPXH10064B,39,40,41,42,43,44,45,46,47
PPXD10019M,S,M,L,XL,XXL
PPXD10030A,S,M,L,XL,XXL
PPXH30022A,37,38,39,40,41,42,43,44,45
PPXD10019T,S,M,L,XL,XXL
PPXJ30002A,S,M,L,XL,XXL
PPXJ30012F,S,M,L,XL,XXL
PPXH30009H,37,38,39,40,41,42,43,44,45
PP2H00018B,37,38,39,40,41,42,43,44,45
PPXH10019A,37,38,39,40,41,42,43,44,45
PPXD10012E,S,M,L,XL,XXL
PPXH30002A,37,38,39,40,41,42,43,44,45
PPXD10020O,S,M,L,XL,XXL
PPXD10021B,S,M,L,XL,XXL
PPXD10020A,S,M,L,XL,XXL
PPXH10002B,37,38,39,40,41,42,43,44,45
PPXJ10006A,S,M,L,XL,XXL
PPXJ30016A,S,M,L,XL,XXL
PPXD10008B,S,M,L,XL,XXL
PPXJ10001B,S,M,L,XL,XXL
PPXD10007E,S,M,L,XL,XXL
PP2J00005C,S,M,L,XL,XXL,20
PP2HC0038,37,38,39,40,41,42,43,44,45
PPXJ30027D,S,M,L,XL,XXL
PPXJ30009F,S,M,L,XL,XXL
PPXJ30060C,S,M,L,XL,XXL
PPXH10035A,37,38,39,40,41,42,43,44,45,01,M,12
PPXH10002A,37,38,39,40,41,42,43,44,45
PPXD10016C,S,M,L,XL,XXL
PPXD10009D,S,M,L,XL,XXL
PPXH30039B,37,38,39,40,41,42,43,44,45
PPXH30067C,37,38,39,40,41,42,43,44,45,46
PPXF10035A,S,M,L,XL,XXL
PP2HC10009,37,38,39,40,41,42,43,44,45,M
PPXJ30064A,S,M,L,XL,XXL
PPXJ30020B,S,M,L,XL,XXL
PPXH10034C,37,38,39,40,41,42,43,44,45
PPXJ30013C,S,M,L,XL,XXL
PPXJ30047F,S,M,L,XL,XXL
PPXJ30026A,S,M,L,XL,XXL
PPXJ30010E,S,M,L,XL,XXL
PPXF10035B,S,M,L,XL,XXL
PPXH10011B,37,38,39,40,41,42,43,44,45
PPXJ10008E,S,M,L,XL,XXL
PPXD10028A,S,M,L,XL,XXL
PPXJ10020A,S,M,L,XL,XXL
PPXJ10008A,S,M,L,XL,XXL
PP0H0A015,37,38,39,40,41,42,43,44,45
PPXH30014C,37,38,39,40,41,42,43,44,45
PP2HC10014,37,38,39,40,41,42,43,44,45
PPXD10023A,S,M,L,XL,XXL
PPXH30020G,37,38,39,40,41,42,43,44,45
PPXH30009C,37,38,39,40,41,42,43,44,45
PP2H00008C,37,38,39,40,41,42,43,44,45
PPXH30054C,37,38,39,40,41,42,43,44,45
PPXD10029D,S,M,L,XL,XXL
PPXD10012B,S,M,L,XL,XXL
PPXJ30063A,S,M,L,XL,XXL
PPXJ10020D,S,M,L,XL,XXL
PPXJ30045A,S,M,L,XL,XXL
PPXJ30006B,S,M,L,XL,XXL
PPXJ30028J,S,M,L,XL,XXL
PPXF10032A,S,M,L,XL,XXL
PPXJ30060E,S,M,L,XL,XXL
PPXJ30046C,S,M,L,XL,XXL
PPXJ30052C,S,M,L,XL,XXL
PP2H00001D,37,38,39,40,41,42,43,44,45
PPXH30007B,37,38,39,40,41,42,43,44,45
PPXJ10021C,S,M,L,XL,XXL
PPXD10006D,S,M,L,XL,XXL
PPXH10058A,S,M,L,XL,XXL
PPXH30022D,37,38,39,40,41,42,43,44,45
PPXF10004B,S,M,L,XL,XXL
PPXJ30018H,S,M,L,XL,XXL
PPXH30007D,37,38,39,40,41,42,43,44,45
PPXH10017M,37,38,39,40,41,42,43,44,45
PPXJ30001D,S,M,L,XL,XXL
PPXD10017C,S,M,L,XL,XXL
PPXJ30029G,S,M,L,XL,XXL
PPXJ10013D,S,M,L,XL,XXL
PPXD10020R,S,M,L,XL,XXL
PPXD10010B,S,M,L,XL,XXL
PPXD10028F,S,M,L,XL,XXL
PPXH10032D,37,38,39,40,41,42,43,44,45
PPXJ30010F,S,M,L,XL,XXL
PPXD10016F,S,M,L,XL,XXL
PPXH30024D,37,38,39,40,41,42,43,44,45
PPXH10066B,39,40,41,42,43,44,45,46,47
PPXH10001A,37,38,39,40,41,42,43,44,45
PPXJ10003E,S,M,L,XL,XXL
PPXJ30006A,S,M,L,XL,XXL
PPXH10018A,37,38,39,40,41,42,43,44,45
PPXD10019R,S,M,L,XL,XXL
PPXH10031A,37,38,39,40,41,42,43,44,45
PPXF10011B,S,M,L,XL,XXL
PP2J00001D,S,M,L,XL,XXL
PPXJ30006D,S,M,L,XL,XXL
PP2HC0014,37,38,39,40,41,42,43,44,45,46
PPXH10037B,37,38,39,40,41,42,43,44,45
PPXD10007B,S,M,L,XL,XXL
PPXJ30012C,S,M,L,XL,XXL
PPXJ30010C,S,M,L,XL,XXL
PPXF30050B,S,M,L,XL,XXL
PPXJ30010A,S,M,L,XL,XXL
PPXJ30028E,S,M,L,XL,XXL
PPXH10021D,S,M,L,XL,XXL,10,01,20
PP2J00009D,S,M,L,XL,XXL
PPXJ10008C,S,M,L,XL,XXL
PP2HC10013,37,38,39,40,41,42,43,44,45
PPXJ30003E,S,M,L,XL,XXL
PPXF10013B,S,M,L,XL,XXL
PPXH30021G,37,38,39,40,41,42,43,44,45
PPXH30027A,37,38,39,40,41,42,43,44,45
PPXH30008A,37,38,39,40,41,42,43,44,45
PPXH30057C,37,38,39,40,41,42,43,44,45
PPXJ30025C,S,M,L,XL,XXL
PPXJ10004A,S,M,L,XL,XXL
PPXD10023D,S,M,L,XL,XXL
PPXH30039C,37,38,39,40,41,42,43,44,45
PPXH30023A,37,38,39,40,41,42,43,44,45
PP2HC10006,37,38,39,40,41,42,43,44,45
PPXD10006C,S,M,L,XL,XXL
PPXH10052A,S,M,L,XL,XXL
PPXJ30027C,S,M,L,XL,XXL
PPXH10017N,37,38,39,40,41,42,43,44,45
PP2H00006A,37,38,39,40,41,42,43,44,45
PPXJ30011A,S,M,L,XL,XXL
PPXJ30057E,S,M,L,XL,XXL
PPXH30057B,37,38,39,40,41,42,43,44,45
PP2J00012A,S,M,L,XL,XXL
PPXJ30011C,S,M,L,XL,XXL
PP0H0A025,37,38,39,40,41,42,43,44,45
PPXH30005C,37,38,39,40,41,42,43,44,45
PPXF30007C,S,M,L,XL,XXL
PPXJ30063C,S,M,L,XL,XXL
PPXJ10003B,S,M,L,XL,XXL
PPXH30037D,37,38,39,40,41,42,43,44,45
PPXH30009D,37,38,39,40,41,42,43,44,45
PPXH10033G,37,38,39,40,41,42,43,44,45
PPXH30062A,37,38,39,40,41,42,43,44,45,46
PPXH10029A,37,38,39,40,41,42,43,44,45
PPXJ30011F,S,M,L,XL,XXL
PPXH10066A,39,40,41,42,43,44,45,46,47
PPXH30054B,37,38,39,40,41,42,43,44,45
PPXH10072B,37,38,39,40,41,42,43,44,45,15
PPXJ30009D,S,M,L,XL,XXL
PPXH30009E,37,38,39,40,41,42,43,44,45
PPXH10017B,37,38,39,40,41,42,43,44,45
PPXH30042A,37,38,39,40,41,42,43,44,45
PPXD10012F,S,M,L,XL,XXL
PPXH30067B,37,38,39,40,41,42,43,44,45
PP2D00001A,S,M,L,XL,XXL
PP2H00005C,37,38,39,40,41,42,43,44,45
PPXD10014B,S,M,L,XL,XXL
PPXJ30052B,S,M,L,XL,XXL
PPXD10003C,S,M,L,XL,XXL
PP2H00002A,37,38,39,40,41,42,43,44,45
PPXJ30029A,S,M,L,XL,XXL
PPXH30020B,37,38,39,40,41,42,43,44,45
PPXJ30028G,S,M,L,XL,XXL
PPXD10007D,S,M,L,XL,XXL
PPXH10033F,37,38,39,40,41,42,43,44,45
PPXH10018D,37,38,39,40,41,42,43,44,45
PPXH30007E,37,38,39,40,41,42,43,44,45
PPXF30013B,S,M,L,XL,XXL
PPXH10032E,37,38,39,40,41,42,43,44,45
PPXF30020C,S,M,L,XL,XXL
PPXH30038A,37,38,39,40,41,42,43,44,45
PPXJ30013E,S,M,L,XL,XXL
PPXJ30057F,S,M,L,XL,XXL
PPXD10003E,S,M,L,XL,XXL
PPXJ30018F,S,M,L,XL,XXL
PP2H00019A,37,38,39,40,41,42,43,44,45
PPXH10014A,37,38,39,40,41,42,43,44,45
PPXH10066D,39,40,41,42,43,44,45,46,47
PPXJ30018E,S,M,L,XL,XXL
PPXH10039A,37,38,39,40,41,42,43,44,45
PPXD10005A,S,M,L,XL,XXL
PPXJ30002D,S,M,L,XL,XXL
PPXH10019B,37,38,39,40,41,42,43,44,45
PPXD10006A,S,M,L,XL,XXL
PPXD10033C,S,M,L,XL,XXL
PPXJ10014A,S,M,L,XL,XXL
PPXD10007F,S,M,L,XL,XXL
PPXH30065A,37,38,39,40,41,42,43,44,45,46
PPXJ30035B,S,M,L,XL,XXL
PPXH30022B,37,38,39,40,41,42,43,44,45
PP2H00013A,37,38,39,40,41,42,43,44,45
PPXF10001A,S,M,L,XL,XXL
PPXH10037E,37,38,39,40,41,42,43,44,45
PPXH30009I,37,38,39,40,41,42,43,44,45
PPXF30011J,S,M,L,XL,XXL
PPXH10010E,37,38,39,40,41,42,43,44,45
PPXF30025A,S,M,L,XL,XXL
PPXJ30013A,S,M,L,XL,XXL
PPXJ30062A,S,M,L,XL,XXL
PPXJ10003A,S,M,L,XL,XXL
PPXJ30029B,S,M,L,XL,XXL
PPXJ10001A,S,M,L,XL,XXL
PP0H0A004,37,38,39,40,41,42,43,44,45
PPXF30050A,S,M,L,XL,XXL
PPXH10036A,S,M,L,XL,XXL
PPXF30007B,S,M,L,XL,XXL
PPXD10002B,S,M,L,XL,XXL
PPXJ30016B,S,M,L,XL,XXL
PPXD10009C,S,M,L,XL,XXL
PPXD10021E,S,M,L,XL,XXL
PPXJ30018A,S,M,L,XL,XXL
PPXJ30058G,S,M,L,XL,XXL
PPXH10075A,S,M,L,XL,XXL
PPXH10030A,37,38,39,40,41,42,43,44,45
PPXF30020A,S,M,L,XL,XXL
PPXH30009G,37,38,39,40,41,42,43,44,45
PPXF10016B,S,M,L,XL,XXL
PP2D00001D,S,M,L,XL,XXL
PPXD10020C,S,M,L,XL,XXL
PPXH30021D,37,38,39,40,41,42,43,44,45
PPXD10020G,S,M,L,XL,XXL
PPXD10021C,S,M,L,XL,XXL
PPXH30024C,37,38,39,40,41,42,43,44,45
PPXD10020L,S,M,L,XL,XXL
PPXJ30018C,S,M,L,XL,XXL
PPXF10025A,S,M,L,XL,XXL
PPXH10023D,37,38,39,40,41,42,43,44,45
PPXF10001J,S,M,L,XL,XXL
PPXJ30058E,S,M,L,XL,XXL
PPXJ30029F,S,M,L,XL,XXL
PPXH30061A,37,38,39,40,41,42,43,44,45,46
PPXH30021F,37,38,39,40,41,42,43,44,45
PP2H00008B,37,38,39,40,41,42,43,44,45
PPXD10007A,S,M,L,XL,XXL
PP2H00023A,37,38,39,40,41,42,43,44,45
PP2J00009B,S,M,L,XL,XXL
PPXJ10005G,S,M,L,XL,XXL
PPXH30024G,37,38,39,40,41,42,43,44,45
PP2J00009A,S,M,L,XL,XXL
PPXD10028C,S,M,L,XL,XXL
PPXH10005B,37,38,39,40,41,42,43,44,45
PPXD10022A,S,M,L,XL,XXL
PPXJ10003F,S,M,L,XL,XXL
PPXJ10006F,S,M,L,XL,XXL
PPXJ30002E,S,M,L,XL,XXL
PPXH10035C,37,38,39,40,41,42,43,44,45,12,01,M
PPXF30035A,S,M,L,XL,XXL
PPXH30037F,37,38,39,40,41,42,43,44,45
PPXD10003A,S,M,L,XL,XXL
PPXJ30058I,S,M,L,XL,XXL
PP2J00007B,S,M,L,XL,XXL
PPXJ30024E,S,M,L,XL,XXL
PPXH10036B,S,M,L,XL,XXL
PPXJ10008G,S,M,L,XL,XXL
PPXH10038B,37,38,39,40,41,42,43,44,45
PPXJ10009E,S,M,L,XL,XXL
PPXJ10017A,S,M,L,XL,XXL
PPXJ10009A,S,M,L,XL,XXL
PPXJ30060A,S,M,L,XL,XXL
PPXJ10001C,S,M,L,XL,XXL
PPXJ10004D,S,M,L,XL,XXL
PPXH30020C,37,38,39,40,41,42,43,44,45
PP2HC0039,37,38,39,40,41,42,43,44,45
PPXH30007A,37,38,39,40,41,42,43,44,45
PPXD10002C,S,M,L,XL,XXL
PPXH10018B,37,38,39,40,41,42,43,44,45
PPXJ30052D,S,M,L,XL,XXL
PPXJ30052A,S,M,L,XL,XXL
PPXD10011D,S,M,L,XL,XXL
PPXJ10008D,S,M,L,XL,XXL
PP2H00021A,37,38,39,40,41,42,43,44,45
PP2H00010E,37,38,39,40,41,42,43,44,45
PP2H00022A,37,38,39,40,41,42,43,44,45
PPXJ30028I,S,M,L,XL,XXL
PPXH10070A,37,38,39,40,41,42,43,44,45
PPXJ30001E,S,M,L,XL,XXL
PPXH30023B,37,38,39,40,41,42,43,44,45
PPXH30057D,37,38,39,40,41,42,43,44,45
PPXH10058B,S,M,L,XL,XXL
PP2H00017A,37,38,39,40,41,42,43,44,45
PPXH10010C,37,38,39,40,41,42,43,44,45
PP2H00010A,37,38,39,40,41,42,43,44,45
PPXH30005A,37,38,39,40,41,42,43,44,45
PPXD10032C,S,M,L,XL,XXL
PPXF30021C,S,M,L,XL,XXL
PPXJ30048E,S,M,L,XL,XXL
PP2HC0040,37,38,39,40,41,42,43,44,45
PPXF10027A,S,M,L,XL,XXL
PP2H00014A,37,38,39,40,41,42,43,44,45
PPXJ10005E,S,M,L,XL,XXL
PP2H00005A,37,38,39,40,41,42,43,44,45
PP2H00008D,37,38,39,40,41,42,43,44,45
PPXH10031D,37,38,39,40,41,42,43,44,45
PPXH30017C,37,38,39,40,41,42,43,44,45
PPXD10001B,S,M,L,XL,XXL
PPXH10032A,37,38,39,40,41,42,43,44,45
PPXD10020H,S,M,L,XL,XXL
PPXD10033D,S,M,L,XL,XXL
PPXD10018A,S,M,L,XL,XXL
PPXF10011E,S,M,L,XL,XXL
PPXH10041B,37,38,39,40,41,42,43,44,45
PPXJ30027F,S,M,L,XL,XXL
PPXJ30028H,S,M,L,XL,XXL
PPXF30007D,S,M,L,XL,XXL
PPXH30011A,37,38,39,40,41,42,43,44,45
PP2HC0007,37,38,39,40,41,42,43,44,45
PP0H0A005,37,38,39,40,41,42,43,44,45,46
PPXD10023C,S,M,L,XL,XXL
PPXD10033B,S,M,L,XL,XXL
PPXH30054D,37,38,39,40,41,42,43,44,45
PPXD10020S,S,M,L,XL,XXL
PP2H00001B,37,38,39,40,41,42,43,44,45
PPXH10037D,37,38,39,40,41,42,43,44,45
PP0H0C002,37,38,39,40,41,42,43,44,45,20
PP2H00001C,37,38,39,40,41,42,43,44,45
PPXH10007C,37,38,39,40,41,42,43,44,45
PP2H00003A,37,38,39,40,41,42,43,44,45
PPXD10021D,S,M,L,XL,XXL
PPXD10016A,S,M,L,XL,XXL
PPXF30006D,S,M,L,XL,XXL
PPXJ30020A,S,M,L,XL,XXL
PPXH10031E,37,38,39,40,41,42,43,44,45
PPXF10001G,S,M,L,XL,XXL
PPXF30006A,S,M,L,XL,XXL
PPXJ30020C,S,M,L,XL,XXL
PPXH30021J,37,38,39,40,41,42,43,44,45
PPXH10017A,37,38,39,40,41,42,43,44,45
PPXJ30055B,S,M,L,XL,XXL
PPXJ30019E,S,M,L,XL,XXL
PPXD10009A,S,M,L,XL,XXL
PPXJ30017A,S,M,L,XL,XXL
PPXD10005C,S,M,L,XL,XXL
PPXJ30028F,S,M,L,XL,XXL
PPXF10001B,S,M,L,XL,XXL
PPXH30005B,37,38,39,40,41,42,43,44,45
PPXJ30015A,S,M,L,XL,XXL
PPXD10020F,S,M,L,XL,XXL
PPXH10021C,S,M,L,XL,XXL,01,10,20
PPXJ30034B,S,M,L,XL,XXL
PP2HC10012,37,38,39,40,41,42,43,44,45
PPXH30024A,37,38,39,40,41,42,43,44,45
PP2J00007A,S,M,L,XL,XXL
PPXJ10004B,S,M,L,XL,XXL
PPXH30022C,37,38,39,40,41,42,43,44,45
PPXJ30026E,S,M,L,XL,XXL
PPXJ30055C,S,M,L,XL,XXL
PPXH30016B,37,38,39,40,41,42,43,44,45
PPXD10010C,S,M,L,XL,XXL
PPXJ30036A,S,M,L,XL,XXL
PP2H00005B,37,38,39,40,41,42,43,44,45
PPXD10019D,S,M,L,XL,XXL
PPXJ10013A,S,M,L,XL,XXL
PPXH10055B,37,38,39,40,41,42,43,44,45
PP2J00008B,S,M,L,XL,XXL
PPXJ30030G,S,M,L,XL,XXL
PP0H0A002,37,38,39,40,41,42,43,44,45
PPXD10029C,S,M,L,XL,XXL
PP2H00010D,37,38,39,40,41,42,43,44,45
PPXD10033E,S,M,L,XL,XXL
PPXH30013A,37,38,39,40,41,42,43,44,45
PPXH10032B,37,38,39,40,41,42,43,44,45
PPXD10019L,S,M,L,XL,XXL
PP0H0C0006,37,38,39,40,41,42,43,44,45,20
PPXJ30036B,S,M,L,XL,XXL
PPXH10036E,S,M,L,XL,XXL
PP5N00002B,S,M,L,XL,XXL
PPXH30030B,37,38,39,40,41,42,43,44,45
PPXJ30013F,S,M,L,XL,XXL
PPXJ30001A,S,M,L,XL,XXL
PPXH10010H,37,38,39,40,41,42,43,44,45
PPXH30022E,37,38,39,40,41,42,43,44,45
PPXH10031C,37,38,39,40,41,42,43,44,45
PPXH10023B,37,38,39,40,41,42,43,44,45
PPXJ10009C,S,M,L,XL,XXL
PPXJ30003D,S,M,L,XL,XXL
PPXD10032D,S,M,L,XL,XXL
