ArtikelNr,Size,Quantity
PP2H00008A,37,0
PP2H00008A,38,0
PP2H00008A,39,0
PP2H00008A,40,0
PP2H00008A,41,0
PP2H00008A,42,0
PP2H00008A,43,0
PP2H00008A,44,0
PP2H00008A,45,0
PP2H00008B,37,0
PP2H00008B,38,70
PP2H00008B,39,99
PP2H00008B,40,99
PP2H00008B,41,99
PP2H00008B,42,99
PP2H00008B,43,83
PP2H00008B,44,45
PP2H00008B,45,8
PP2H00009A,37,0
PP2H00009A,38,0
PP2H00009A,39,0
PP2H00009A,40,0
PP2H00009A,41,0
PP2H00009A,42,0
PP2H00009A,43,0
PP2H00009A,44,0
PP2H00009A,45,0
PP2H00009B,37,0
PP2H00009B,38,0
PP2H00009B,39,0
PP2H00009B,40,0
PP2H00009B,41,0
PP2H00009B,42,0
PP2H00009B,43,0
PP2H00009B,44,0
PP2H00009B,45,0
PP2HC10006,37,99
PP2HC10006,38,99
PP2HC10006,39,99
PP2HC10006,40,99
PP2HC10006,41,99
PP2HC10006,42,99
PP2HC10006,43,99
PP2HC10006,44,99
PP2HC10006,45,0
PP2HC10008,37,83
PP2HC10008,38,99
PP2HC10008,39,99
PP2HC10008,40,99
PP2HC10008,41,99
PP2HC10008,42,99
PP2HC10008,43,99
PP2HC10008,44,73
PP2HC10008,45,35
PP2HC10009,37,99
PP2HC10009,38,99
PP2HC10009,39,99
PP2HC10009,40,99
PP2HC10009,41,99
PP2HC10009,42,99
PP2HC10009,43,99
PP2HC10009,44,99
PP2HC10009,45,16
PP2HC10010,37,99
PP2HC10010,38,99
PP2HC10010,39,99
PP2HC10010,40,99
PP2HC10010,41,99
PP2HC10010,42,0
PP2HC10010,43,0
PP2HC10010,44,0
PP2HC10010,45,0
PP2HC10011,37,70
PP2HC10011,38,99
PP2HC10011,39,99
PP2HC10011,40,99
PP2HC10011,41,99
PP2HC10011,42,99
PP2HC10011,43,99
PP2HC10011,44,0
PP2HC10011,45,0
PP2HC10012,37,66
PP2HC10012,38,99
PP2HC10012,39,99
PP2HC10012,40,99
PP2HC10012,41,99
PP2HC10012,42,99
PP2HC10012,43,99
PP2HC10012,44,99
PP2HC10012,45,25
PP2HC10013,37,19
PP2HC10013,38,99
PP2HC10013,39,99
PP2HC10013,40,99
PP2HC10013,41,99
PP2HC10013,42,87
PP2HC10013,43,99
PP2HC10013,44,54
PP2HC10013,45,0
PP2HC10014,37,0
PP2HC10014,38,96
PP2HC10014,39,99
PP2HC10014,40,99
PP2HC10014,41,99
PP2HC10014,42,55
PP2HC10014,43,0
PP2HC10014,44,0
PP2HC10014,45,0
PP2J00001A,xs,11
PP2J00001A,s,0
PP2J00001A,m,0
PP2J00001A,l,0
PP2J00001A,xl,21
PP2J00001A,xxl,11
PP2J00001B,xs,24
PP2J00001B,s,79
PP2J00001B,m,99
PP2J00001B,l,99
PP2J00001B,xl,50
PP2J00001B,xxl,26
PP2J00001C,xs,17
PP2J00001C,s,42
PP2J00001C,m,82
PP2J00001C,l,99
PP2J00001C,xl,47
PP2J00001C,xxl,26
PP2J00001D,xs,8
PP2J00001D,s,42
PP2J00001D,m,77
PP2J00001D,l,85
PP2J00001D,xl,30
PP2J00001D,xxl,6
PP2J00005A,s,0
PP2J00005A,m,0
PP2J00005A,l,0
PP2J00005A,xl,0
PP2J00005A,xxl,0
PP2J00005B,s,0
PP2J00005B,m,0
PP2J00005B,l,0
PP2J00005B,xl,0
PP2J00005B,xxl,0
PP2J00005C,s,0
PP2J00005C,m,0
PP2J00005C,l,0
PP2J00005C,xl,17
PP2J00005C,xxl,1
PP2J00005D,s,0
PP2J00005D,m,0
PP2J00005D,l,49
PP2J00005D,xl,58
PP2J00005D,xxl,5
PP2J00005E,s,0
PP2J00005E,m,0
PP2J00005E,l,0
PP2J00005E,xl,0
PP2J00005E,xxl,0
PP2J00005F,s,0
PP2J00005F,m,0
PP2J00005F,l,0
PP2J00005F,xl,0
PP2J00005F,xxl,0
PP2J00006A,s,0
PP2J00006A,m,0
PP2J00006A,l,0
PP2J00006A,xl,0
PP2J00006A,xxl,0
PP2J00006B,s,25
PP2J00006B,m,81
PP2J00006B,l,0
PP2J00006B,xl,0
PP2J00006B,xxl,0
PP2J00006C,s,27
PP2J00006C,m,1
PP2J00006C,l,0
PP2J00006C,xl,1
PP2J00006C,xxl,1
PP2J00006D,s,0
PP2J00006D,m,0
PP2J00006D,l,0
PP2J00006D,xl,0
PP2J00006D,xxl,0
PP2J00006E,s,0
PP2J00006E,m,0
PP2J00006E,l,0
PP2J00006E,xl,0
PP2J00006E,xxl,0
PP2J00006F,s,0
PP2J00006F,m,0
PP2J00006F,l,0
PP2J00006F,xl,0
PP2J00006F,xxl,0
PPTH100019,37,0
PPTH100019,38,0
PPTH100019,39,0
PPTH100019,40,0
PPTH100019,41,0
PPTH100019,42,0
PPTH100019,43,0
PPTH100019,44,0
PPTH100019,45,0
PPTH100020,37,0
PPTH100020,38,0
PPTH100020,39,0
PPTH100020,40,0
PPTH100020,41,0
PPTH100020,42,0
PPTH100020,43,0
PPTH100020,44,0
PPTH100020,45,0
PPTH100021,37,0
PPTH100021,38,0
PPTH100021,39,0
PPTH100021,40,0
PPTH100021,41,0
PPTH100021,42,0
PPTH100021,43,0
PPTH100021,44,0
PPTH100021,45,0
PPTH100088,37,0
PPTH100088,38,0
PPTH100088,39,0
PPTH100088,40,0
PPTH100088,41,0
PPTH100088,42,0
PPTH100088,43,0
PPTH100088,44,0
PPTH100088,45,0
PPTH30001A,37,0
PPTH30001A,38,0
PPTH30001A,39,0
PPTH30001A,40,0
PPTH30001A,41,0
PPTH30001A,42,0
PPTH30001A,43,0
PPTH30001A,44,0
PPTH30001A,45,0
PPTH30001B,37,0
PPTH30001B,38,0
PPTH30001B,39,0
PPTH30001B,40,0
PPTH30001B,41,0
PPTH30001B,42,0
PPTH30001B,43,0
PPTH30001B,44,0
PPTH30001B,45,0
PPTH30001C,37,0
PPTH30001C,38,0
PPTH30001C,39,0
PPTH30001C,40,0
PPTH30001C,41,0
PPTH30001C,42,0
PPTH30001C,43,0
PPTH30001C,44,0
PPTH30001C,45,0
PPTH30002B,37,0
PPTH30002B,38,0
PPTH30002B,39,0
PPTH30002B,40,0
PPTH30002B,41,0
PPTH30002B,42,0
PPTH30002B,43,0
PPTH30002B,44,0
PPTH30002B,45,0
