ArtikelNr,Size,Quantity
PP0H0A001,37,0
PP0H0A001,38,0
PP0H0A001,39,0
PP0H0A001,40,0
PP0H0A001,41,0
PP0H0A001,42,0
PP0H0A001,43,0
PP0H0A001,44,0
PP0H0A001,45,0
PP0H0A002,37,0
PP0H0A002,38,0
PP0H0A002,39,0
PP0H0A002,40,0
PP0H0A002,41,0
PP0H0A002,42,0
PP0H0A002,43,0
PP0H0A002,44,0
PP0H0A002,45,0
PP0H0A003,37,0
PP0H0A003,38,0
PP0H0A003,39,0
PP0H0A003,40,0
PP0H0A003,41,0
PP0H0A003,42,0
PP0H0A003,43,0
PP0H0A003,44,0
PP0H0A003,45,0
PP0H0A004,37,0
PP0H0A004,38,0
PP0H0A004,39,0
PP0H0A004,40,0
PP0H0A004,41,0
PP0H0A004,42,0
PP0H0A004,43,0
PP0H0A004,44,0
PP0H0A004,45,0
PP0H0A005,37,0
PP0H0A005,38,0
PP0H0A005,39,0
PP0H0A005,40,0
PP0H0A005,41,0
PP0H0A005,42,0
PP0H0A005,43,0
PP0H0A005,44,0
PP0H0A005,45,0
PP0H0A005,46,0
PP0H0A015,37,0
PP0H0A015,38,1
PP0H0A015,39,0
PP0H0A015,40,0
PP0H0A015,41,0
PP0H0A015,42,0
PP0H0A015,43,0
PP0H0A015,44,0
PP0H0A015,45,0
PP0H0A024,37,0
PP0H0A024,38,0
PP0H0A024,39,0
PP0H0A024,40,0
PP0H0A024,41,0
PP0H0A024,42,0
PP0H0A024,43,0
PP0H0A024,44,0
PP0H0A024,45,0
PP0H0A025,37,0
PP0H0A025,38,0
PP0H0A025,39,0
PP0H0A025,40,0
PP0H0A025,41,0
PP0H0A025,42,0
PP0H0A025,43,0
PP0H0A025,44,0
PP0H0A025,45,0
PP0H0A027,37,0
PP0H0A027,38,0
PP0H0A027,39,0
PP0H0A027,40,0
PP0H0A027,41,0
PP0H0A027,42,0
PP0H0A027,43,0
PP0H0A027,44,0
PP0H0A027,45,0
PP0H0A028,37,0
PP0H0A028,38,0
PP0H0A028,39,0
PP0H0A028,40,0
PP0H0A028,41,0
PP0H0A028,42,0
PP0H0A028,43,0
PP0H0A028,44,0
PP0H0A028,45,0
PP0H0A036,37,0
PP0H0A036,38,0
PP0H0A036,39,0
PP0H0A036,40,0
PP0H0A036,41,0
PP0H0A036,42,0
PP0H0A036,43,0
PP0H0A036,44,0
PP0H0A036,45,0
PP0H0C0006,20,0
PP0H0C0006,37,0
PP0H0C0006,38,0
PP0H0C0006,39,0
PP0H0C0006,40,0
PP0H0C0006,41,0
PP0H0C0006,42,0
PP0H0C0006,43,0
PP0H0C0006,44,0
PP0H0C0006,45,0
PP0H0C002,20,0
PP0H0C002,37,0
PP0H0C002,38,0
PP0H0C002,39,0
PP0H0C002,40,0
PP0H0C002,41,0
PP0H0C002,42,0
PP0H0C002,43,0
PP0H0C002,44,0
PP0H0C002,45,0
PP2D00001A,L,20
PP2D00001A,M,20
PP2D00001A,S,20
PP2D00001A,XL,20
PP2D00001A,XXL,20
PP2D00001B,L,20
PP2D00001B,M,20
PP2D00001B,S,20
PP2D00001B,XL,20
PP2D00001B,XXL,20
PP2D00001C,L,20
PP2D00001C,M,20
PP2D00001C,S,20
PP2D00001C,XL,20
PP2D00001C,XXL,20
PP2D00001D,L,20
PP2D00001D,M,20
PP2D00001D,S,20
PP2D00001D,XL,20
PP2D00001D,XXL,20
PP2H00001A,37,1
PP2H00001A,38,19
PP2H00001A,39,0
PP2H00001A,40,0
PP2H00001A,41,0
PP2H00001A,42,0
PP2H00001A,43,0
PP2H00001A,44,0
PP2H00001A,45,0
PP2H00001B,37,20
PP2H00001B,38,20
PP2H00001B,39,20
PP2H00001B,40,11
PP2H00001B,41,0
PP2H00001B,42,0
PP2H00001B,43,0
PP2H00001B,44,0
PP2H00001B,45,0
PP2H00001C,37,20
PP2H00001C,38,20
PP2H00001C,39,20
PP2H00001C,40,20
PP2H00001C,41,20
PP2H00001C,42,3
PP2H00001C,43,0
PP2H00001C,44,0
PP2H00001C,45,0
PP2H00001D,37,0
PP2H00001D,38,0
PP2H00001D,39,20
PP2H00001D,40,4
PP2H00001D,41,0
PP2H00001D,42,1
PP2H00001D,43,0
PP2H00001D,44,1
PP2H00001D,45,0
PP2H00002A,37,0
PP2H00002A,38,0
PP2H00002A,39,0
PP2H00002A,40,0
PP2H00002A,41,0
PP2H00002A,42,0
PP2H00002A,43,0
PP2H00002A,44,0
PP2H00002A,45,0
PP2H00003A,37,0
PP2H00003A,38,0
PP2H00003A,39,0
PP2H00003A,40,0
PP2H00003A,41,0
PP2H00003A,42,0
PP2H00003A,43,0
PP2H00003A,44,0
PP2H00003A,45,0
PP2H00005A,37,4
PP2H00005A,38,20
PP2H00005A,39,20
PP2H00005A,40,20
PP2H00005A,41,20
PP2H00005A,42,20
PP2H00005A,43,20
PP2H00005A,44,20
PP2H00005A,45,20
PP2H00005B,37,5
PP2H00005B,38,20
PP2H00005B,39,20
PP2H00005B,40,20
PP2H00005B,41,20
PP2H00005B,42,20
PP2H00005B,43,20
PP2H00005B,44,20
PP2H00005B,45,20
PP2H00005C,37,8
PP2H00005C,38,20
PP2H00005C,39,20
PP2H00005C,40,20
PP2H00005C,41,20
PP2H00005C,42,20
PP2H00005C,43,20
PP2H00005C,44,20
PP2H00005C,45,16
PP2H00005D,37,0
PP2H00005D,38,1
PP2H00005D,39,1
PP2H00005D,40,8
PP2H00005D,41,0
PP2H00005D,42,20
PP2H00005D,43,18
PP2H00005D,44,18
PP2H00005D,45,0
PP2H00005E,37,1
PP2H00005E,38,17
PP2H00005E,39,20
PP2H00005E,40,20
PP2H00005E,41,20
PP2H00005E,42,20
PP2H00005E,43,4
PP2H00005E,44,20
PP2H00005E,45,18
PP2H00006A,37,0
PP2H00006A,38,0
PP2H00006A,39,0
PP2H00006A,40,0
PP2H00006A,41,0
PP2H00006A,42,0
PP2H00006A,43,0
PP2H00006A,44,0
PP2H00006A,45,0
PP2H00008A,37,19
PP2H00008A,38,20
PP2H00008A,39,18
PP2H00008A,40,18
PP2H00008A,41,1
PP2H00008A,42,0
PP2H00008A,43,0
PP2H00008A,44,0
PP2H00008A,45,20
PP2H00008B,37,12
PP2H00008B,38,20
PP2H00008B,39,20
PP2H00008B,40,20
PP2H00008B,41,0
PP2H00008B,42,0
PP2H00008B,43,6
PP2H00008B,44,0
PP2H00008B,45,20
PP2H00008C,37,20
PP2H00008C,38,20
PP2H00008C,39,20
PP2H00008C,40,20
PP2H00008C,41,20
PP2H00008C,42,20
PP2H00008C,43,20
PP2H00008C,44,20
PP2H00008C,45,20
PP2H00008D,37,2
PP2H00008D,38,20
PP2H00008D,39,20
PP2H00008D,40,20
PP2H00008D,41,20
PP2H00008D,42,20
PP2H00008D,43,20
PP2H00008D,44,20
PP2H00008D,45,20
PP2H00009A,37,0
PP2H00009A,38,1
PP2H00009A,39,12
PP2H00009A,40,7
PP2H00009A,41,14
PP2H00009A,42,0
PP2H00009A,43,0
PP2H00009A,44,5
PP2H00009A,45,0
PP2H00009B,37,0
PP2H00009B,38,0
PP2H00009B,39,2
PP2H00009B,40,0
PP2H00009B,41,2
PP2H00009B,42,0
PP2H00009B,43,0
PP2H00009B,44,1
PP2H00009B,45,0
PP2H00010A,37,20
PP2H00010A,38,20
PP2H00010A,39,20
PP2H00010A,40,20
PP2H00010A,41,20
PP2H00010A,42,20
PP2H00010A,43,20
PP2H00010A,44,20
PP2H00010A,45,20
PP2H00010B,37,20
PP2H00010B,38,20
PP2H00010B,39,20
PP2H00010B,40,20
PP2H00010B,41,20
PP2H00010B,42,20
PP2H00010B,43,20
PP2H00010B,44,20
PP2H00010B,45,20
PP2H00010C,37,20
PP2H00010C,38,20
PP2H00010C,39,20
PP2H00010C,40,20
PP2H00010C,41,20
PP2H00010C,42,20
PP2H00010C,43,20
PP2H00010C,44,20
PP2H00010C,45,20
PP2H00010D,37,20
PP2H00010D,38,20
PP2H00010D,39,20
PP2H00010D,40,20
PP2H00010D,41,20
PP2H00010D,42,20
PP2H00010D,43,20
PP2H00010D,44,20
PP2H00010D,45,20
PP2H00010E,37,20
PP2H00010E,38,4
PP2H00010E,39,20
PP2H00010E,40,20
PP2H00010E,41,20
PP2H00010E,42,20
PP2H00010E,43,20
PP2H00010E,44,20
PP2H00010E,45,0
PP2H00011A,37,20
PP2H00011A,38,20
PP2H00011A,39,20
PP2H00011A,40,20
PP2H00011A,41,20
PP2H00011A,42,20
PP2H00011A,43,20
PP2H00011A,44,20
PP2H00011A,45,20
PP2H00011B,37,20
PP2H00011B,38,20
PP2H00011B,39,20
PP2H00011B,40,20
PP2H00011B,41,20
PP2H00011B,42,20
PP2H00011B,43,20
PP2H00011B,44,20
PP2H00011B,45,14
PP2H00011C,37,20
PP2H00011C,38,20
PP2H00011C,39,20
PP2H00011C,40,20
PP2H00011C,41,20
PP2H00011C,42,20
PP2H00011C,43,20
PP2H00011C,44,14
PP2H00011C,45,13
PP2H00012A,37,0
PP2H00012A,38,20
PP2H00012A,39,20
PP2H00012A,40,20
PP2H00012A,41,20
PP2H00012A,42,20
PP2H00012A,43,20
PP2H00012A,44,20
PP2H00012A,45,17
PP2H00012A,46,0
PP2H00012B,37,0
PP2H00012B,38,20
PP2H00012B,39,11
PP2H00012B,40,20
PP2H00012B,41,20
PP2H00012B,42,20
PP2H00012B,43,20
PP2H00012B,44,20
PP2H00012B,45,20
PP2H00012B,46,20
PP2H00013A,37,20
PP2H00013A,38,20
PP2H00013A,39,20
PP2H00013A,40,20
PP2H00013A,41,20
PP2H00013A,42,20
PP2H00013A,43,20
PP2H00013A,44,20
PP2H00013A,45,0
PP2H00013B,37,20
PP2H00013B,38,20
PP2H00013B,39,20
PP2H00013B,40,20
PP2H00013B,41,20
PP2H00013B,42,20
PP2H00013B,43,20
PP2H00013B,44,20
PP2H00013B,45,1
PP2H00014A,37,10
PP2H00014A,38,20
PP2H00014A,39,20
PP2H00014A,40,20
PP2H00014A,41,0
PP2H00014A,42,12
PP2H00014A,43,0
PP2H00014A,44,19
PP2H00014A,45,0
PP2H00015A,37,10
PP2H00015A,38,20
PP2H00015A,39,20
PP2H00015A,40,20
PP2H00015A,41,20
PP2H00015A,42,20
PP2H00015A,43,20
PP2H00015A,44,20
PP2H00015A,45,20
PP2H00016A,37,15
PP2H00016A,38,17
PP2H00016A,39,20
PP2H00016A,40,14
PP2H00016A,41,15
PP2H00016A,42,13
PP2H00016A,43,20
PP2H00016A,44,12
PP2H00016A,45,2
PP2H00017A,37,20
PP2H00017A,38,20
PP2H00017A,39,20
PP2H00017A,40,20
PP2H00017A,41,20
PP2H00017A,42,20
PP2H00017A,43,20
PP2H00017A,44,20
PP2H00017A,45,20
PP2H00017B,37,20
PP2H00017B,38,20
PP2H00017B,39,20
PP2H00017B,40,20
PP2H00017B,41,20
PP2H00017B,42,20
PP2H00017B,43,20
PP2H00017B,44,15
PP2H00017B,45,17
PP2H00018A,37,4
PP2H00018A,38,20
PP2H00018A,39,20
PP2H00018A,40,20
PP2H00018A,41,20
PP2H00018A,42,20
PP2H00018A,43,10
PP2H00018A,44,12
PP2H00018A,45,8
PP2H00018B,37,8
PP2H00018B,38,3
PP2H00018B,39,11
PP2H00018B,40,12
PP2H00018B,41,13
PP2H00018B,42,15
PP2H00018B,43,14
PP2H00018B,44,7
PP2H00018B,45,0
PP2H00019A,37,20
PP2H00019A,38,20
PP2H00019A,39,20
PP2H00019A,40,20
PP2H00019A,41,20
PP2H00019A,42,20
PP2H00019A,43,20
PP2H00019A,44,20
PP2H00019A,45,6
PP2H00020A,37,0
PP2H00020A,38,0
PP2H00020A,39,15
PP2H00020A,40,5
PP2H00020A,41,20
PP2H00020A,42,20
PP2H00020A,43,10
PP2H00020A,44,0
PP2H00020A,45,0
PP2H00021A,37,0
PP2H00021A,38,0
PP2H00021A,39,18
PP2H00021A,40,14
PP2H00021A,41,20
PP2H00021A,42,20
PP2H00021A,43,20
PP2H00021A,44,10
PP2H00021A,45,20
PP2H00022A,37,20
PP2H00022A,38,20
PP2H00022A,39,20
PP2H00022A,40,20
PP2H00022A,41,20
PP2H00022A,42,20
PP2H00022A,43,20
PP2H00022A,44,20
PP2H00022A,45,0
PP2H00023A,37,20
PP2H00023A,38,20
PP2H00023A,39,20
PP2H00023A,40,20
PP2H00023A,41,20
PP2H00023A,42,20
PP2H00023A,43,20
PP2H00023A,44,20
PP2H00023A,45,20
PP2HC0001,37,0
PP2HC0001,38,1
PP2HC0001,39,1
PP2HC0001,40,0
PP2HC0001,41,1
PP2HC0001,42,1
PP2HC0001,43,2
PP2HC0001,44,1
PP2HC0001,45,2
PP2HC0006,37,20
PP2HC0006,38,1
PP2HC0006,39,0
PP2HC0006,40,0
PP2HC0006,41,0
PP2HC0006,42,0
PP2HC0006,43,0
PP2HC0006,44,0
PP2HC0006,45,11
PP2HC0007,37,9
PP2HC0007,38,20
PP2HC0007,39,0
PP2HC0007,40,0
PP2HC0007,41,0
PP2HC0007,42,0
PP2HC0007,43,1
PP2HC0007,44,2
PP2HC0007,45,0
PP2HC0011,37,0
PP2HC0011,38,0
PP2HC0011,39,0
PP2HC0011,40,0
PP2HC0011,41,0
PP2HC0011,42,0
PP2HC0011,43,0
PP2HC0011,44,0
PP2HC0011,45,0
PP2HC0013,37,0
PP2HC0013,38,3
PP2HC0013,39,0
PP2HC0013,40,0
PP2HC0013,41,0
PP2HC0013,42,0
PP2HC0013,43,0
PP2HC0013,44,0
PP2HC0013,45,5
PP2HC0013,46,0
PP2HC0014,37,0
PP2HC0014,38,0
PP2HC0014,39,2
PP2HC0014,40,6
PP2HC0014,41,1
PP2HC0014,42,0
PP2HC0014,43,3
PP2HC0014,44,1
PP2HC0014,45,8
PP2HC0014,46,0
PP2HC0038,37,14
PP2HC0038,38,1
PP2HC0038,39,0
PP2HC0038,40,1
PP2HC0038,41,1
PP2HC0038,42,0
PP2HC0038,43,0
PP2HC0038,44,0
PP2HC0038,45,0
PP2HC0039,37,20
PP2HC0039,38,20
PP2HC0039,39,20
PP2HC0039,40,20
PP2HC0039,41,20
PP2HC0039,42,20
PP2HC0039,43,20
PP2HC0039,44,20
PP2HC0039,45,20
PP2HC0040,37,20
PP2HC0040,38,20
PP2HC0040,39,20
PP2HC0040,40,20
PP2HC0040,41,20
PP2HC0040,42,20
PP2HC0040,43,20
PP2HC0040,44,20
PP2HC0040,45,12
PP2HC10006,37,20
PP2HC10006,38,20
PP2HC10006,39,20
PP2HC10006,40,20
PP2HC10006,41,20
PP2HC10006,42,20
PP2HC10006,43,20
PP2HC10006,44,20
PP2HC10006,45,20
PP2HC10008,37,20
PP2HC10008,38,20
PP2HC10008,39,20
PP2HC10008,40,20
PP2HC10008,41,20
PP2HC10008,42,20
PP2HC10008,43,20
PP2HC10008,44,20
PP2HC10008,45,20
PP2HC10009,37,20
PP2HC10009,38,20
PP2HC10009,39,20
PP2HC10009,40,20
PP2HC10009,41,20
PP2HC10009,42,20
PP2HC10009,43,20
PP2HC10009,44,20
PP2HC10009,45,20
PP2HC10009,M,0
PP2HC10011,37,20
PP2HC10011,38,20
PP2HC10011,39,20
PP2HC10011,40,20
PP2HC10011,41,20
PP2HC10011,42,20
PP2HC10011,43,20
PP2HC10011,44,20
PP2HC10011,45,20
PP2HC10012,37,20
PP2HC10012,38,20
PP2HC10012,39,20
PP2HC10012,40,20
PP2HC10012,41,20
PP2HC10012,42,20
PP2HC10012,43,20
PP2HC10012,44,20
PP2HC10012,45,20
PP2HC10013,37,20
PP2HC10013,38,20
PP2HC10013,39,20
PP2HC10013,40,20
PP2HC10013,41,20
PP2HC10013,42,20
PP2HC10013,43,20
PP2HC10013,44,20
PP2HC10013,45,20
PP2HC10014,37,20
PP2HC10014,38,20
PP2HC10014,39,20
PP2HC10014,40,20
PP2HC10014,41,20
PP2HC10014,42,20
PP2HC10014,43,20
PP2HC10014,44,20
PP2HC10014,45,20
PP2J00001A,20,0
PP2J00001A,L,20
PP2J00001A,M,20
PP2J00001A,S,20
PP2J00001A,XL,0
PP2J00001A,XXL,4
PP2J00001B,20,0
PP2J00001B,L,0
PP2J00001B,M,0
PP2J00001B,S,0
PP2J00001B,XL,0
PP2J00001B,XXL,1
PP2J00001C,L,20
PP2J00001C,M,6
PP2J00001C,S,6
PP2J00001C,XL,2
PP2J00001C,XXL,2
PP2J00001D,L,0
PP2J00001D,M,1
PP2J00001D,S,4
PP2J00001D,XL,20
PP2J00001D,XXL,1
PP2J00005C,20,0
PP2J00005C,L,0
PP2J00005C,M,0
PP2J00005C,S,0
PP2J00005C,XL,0
PP2J00005C,XXL,0
PP2J00007A,L,5
PP2J00007A,M,1
PP2J00007A,S,0
PP2J00007A,XL,20
PP2J00007A,XXL,10
PP2J00007B,L,20
PP2J00007B,M,20
PP2J00007B,S,20
PP2J00007B,XL,20
PP2J00007B,XXL,20
PP2J00007C,L,20
PP2J00007C,M,20
PP2J00007C,S,20
PP2J00007C,XL,20
PP2J00007C,XXL,20
PP2J00008A,L,20
PP2J00008A,M,20
PP2J00008A,S,20
PP2J00008A,XL,20
PP2J00008A,XXL,20
PP2J00008B,L,20
PP2J00008B,M,20
PP2J00008B,S,20
PP2J00008B,XL,20
PP2J00008B,XXL,20
PP2J00008C,L,20
PP2J00008C,M,20
PP2J00008C,S,20
PP2J00008C,XL,20
PP2J00008C,XXL,20
PP2J00008D,L,20
PP2J00008D,M,20
PP2J00008D,S,0
PP2J00008D,XL,20
PP2J00008D,XXL,20
PP2J00009A,L,20
PP2J00009A,M,20
PP2J00009A,S,20
PP2J00009A,XL,20
PP2J00009A,XXL,20
PP2J00009B,L,20
PP2J00009B,M,20
PP2J00009B,S,20
PP2J00009B,XL,20
PP2J00009B,XXL,20
PP2J00009C,L,20
PP2J00009C,M,20
PP2J00009C,S,20
PP2J00009C,XL,20
PP2J00009C,XXL,20
PP2J00009D,L,20
PP2J00009D,M,20
PP2J00009D,S,12
PP2J00009D,XL,20
PP2J00009D,XXL,20
PP2J00010A,L,20
PP2J00010A,M,20
PP2J00010A,S,20
PP2J00010A,XL,20
PP2J00010A,XXL,20
PP2J00010B,L,20
PP2J00010B,M,20
PP2J00010B,S,0
PP2J00010B,XL,20
PP2J00010B,XXL,20
PP2J00010C,L,20
PP2J00010C,M,20
PP2J00010C,S,20
PP2J00010C,XL,20
PP2J00010C,XXL,20
PP2J00010D,L,20
PP2J00010D,M,20
PP2J00010D,S,20
PP2J00010D,XL,20
PP2J00010D,XXL,20
PP2J00012A,L,0
PP2J00012A,M,0
PP2J00012A,S,0
PP2J00012A,XL,0
PP2J00012A,XXL,0
PP2J00012C,L,0
PP2J00012C,M,0
PP2J00012C,S,0
PP2J00012C,XL,0
PP2J00012C,XXL,0
PP2J00013A,L,20
PP2J00013A,M,20
PP2J00013A,S,20
PP2J00013A,XL,20
PP2J00013A,XXL,20
PP2J00013B,L,20
PP2J00013B,M,20
PP2J00013B,S,7
PP2J00013B,XL,20
PP2J00013B,XXL,14
PP2J00013C,L,20
PP2J00013C,M,20
PP2J00013C,S,20
PP2J00013C,XL,20
PP2J00013C,XXL,20
PP2J00013D,L,20
PP2J00013D,M,20
PP2J00013D,S,20
PP2J00013D,XL,20
PP2J00013D,XXL,17
PP2J00014A,L,20
PP2J00014A,M,20
PP2J00014A,S,20
PP2J00014A,XL,20
PP2J00014A,XXL,17
PP2J00014B,L,20
PP2J00014B,M,20
PP2J00014B,S,10
PP2J00014B,XL,19
PP2J00014B,XXL,0
PP2J00014C,L,20
PP2J00014C,M,20
PP2J00014C,S,20
PP2J00014C,XL,20
PP2J00014C,XXL,17
PP2J00014D,L,20
PP2J00014D,M,20
PP2J00014D,S,20
PP2J00014D,XL,20
PP2J00014D,XXL,15
PP5N00002B,L,0
PP5N00002B,M,0
PP5N00002B,S,0
PP5N00002B,XL,0
PP5N00002B,XXL,0
PPXD10001A,L,12
PPXD10001A,M,0
PPXD10001A,S,0
PPXD10001A,XL,20
PPXD10001A,XXL,0
PPXD10001B,L,0
PPXD10001B,M,0
PPXD10001B,S,0
PPXD10001B,XL,0
PPXD10001B,XXL,0
PPXD10001C,L,14
PPXD10001C,M,20
PPXD10001C,S,4
PPXD10001C,XL,12
PPXD10001C,XXL,3
PPXD10001F,L,0
PPXD10001F,M,0
PPXD10001F,S,0
PPXD10001F,XL,0
PPXD10001F,XXL,0
PPXD10001G,L,0
PPXD10001G,M,0
PPXD10001G,S,0
PPXD10001G,XL,0
PPXD10001G,XXL,0
PPXD10002A,L,0
PPXD10002A,M,0
PPXD10002A,S,0
PPXD10002A,XL,5
PPXD10002A,XXL,1
PPXD10002B,L,1
PPXD10002B,M,1
PPXD10002B,S,0
PPXD10002B,XL,3
PPXD10002B,XXL,2
PPXD10002C,L,0
PPXD10002C,M,0
PPXD10002C,S,0
PPXD10002C,XL,0
PPXD10002C,XXL,0
PPXD10003A,L,20
PPXD10003A,M,20
PPXD10003A,S,20
PPXD10003A,XL,20
PPXD10003A,XXL,15
PPXD10003B,L,20
PPXD10003B,M,20
PPXD10003B,S,8
PPXD10003B,XL,20
PPXD10003B,XXL,1
PPXD10003C,L,20
PPXD10003C,M,20
PPXD10003C,S,16
PPXD10003C,XL,20
PPXD10003C,XXL,2
PPXD10003D,L,20
PPXD10003D,M,20
PPXD10003D,S,0
PPXD10003D,XL,20
PPXD10003D,XXL,20
PPXD10003E,L,1
PPXD10003E,M,0
PPXD10003E,S,0
PPXD10003E,XL,20
PPXD10003E,XXL,4
PPXD10005A,L,0
PPXD10005A,M,0
PPXD10005A,S,0
PPXD10005A,XL,0
PPXD10005A,XXL,0
PPXD10005C,L,0
PPXD10005C,M,0
PPXD10005C,S,0
PPXD10005C,XL,0
PPXD10005C,XXL,0
PPXD10006A,L,20
PPXD10006A,M,20
PPXD10006A,S,10
PPXD10006A,XL,20
PPXD10006A,XXL,17
PPXD10006C,L,20
PPXD10006C,M,20
PPXD10006C,S,0
PPXD10006C,XL,20
PPXD10006C,XXL,8
PPXD10006D,L,20
PPXD10006D,M,20
PPXD10006D,S,0
PPXD10006D,XL,20
PPXD10006D,XXL,0
PPXD10007A,L,0
PPXD10007A,M,0
PPXD10007A,S,0
PPXD10007A,XL,0
PPXD10007A,XXL,0
PPXD10007B,L,0
PPXD10007B,M,20
PPXD10007B,S,0
PPXD10007B,XL,14
PPXD10007B,XXL,0
PPXD10007C,L,0
PPXD10007C,M,0
PPXD10007C,S,0
PPXD10007C,XL,0
PPXD10007C,XXL,0
PPXD10007D,L,20
PPXD10007D,M,20
PPXD10007D,S,20
PPXD10007D,XL,20
PPXD10007D,XXL,0
PPXD10007E,L,20
PPXD10007E,M,20
PPXD10007E,S,0
PPXD10007E,XL,9
PPXD10007E,XXL,0
PPXD10007F,L,20
PPXD10007F,M,20
PPXD10007F,S,20
PPXD10007F,XL,0
PPXD10007F,XXL,0
PPXD10007G,L,20
PPXD10007G,M,20
PPXD10007G,S,8
PPXD10007G,XL,20
PPXD10007G,XXL,0
PPXD10007I,L,1
PPXD10007I,M,1
PPXD10007I,S,1
PPXD10007I,XL,0
PPXD10007I,XXL,0
PPXD10007J,L,0
PPXD10007J,M,0
PPXD10007J,S,0
PPXD10007J,XL,0
PPXD10007J,XXL,0
PPXD10008B,L,0
PPXD10008B,M,0
PPXD10008B,S,1
PPXD10008B,XL,0
PPXD10008B,XXL,1
PPXD10009A,L,20
PPXD10009A,M,20
PPXD10009A,S,20
PPXD10009A,XL,20
PPXD10009A,XXL,0
PPXD10009B,L,0
PPXD10009B,M,0
PPXD10009B,S,0
PPXD10009B,XL,0
PPXD10009B,XXL,0
PPXD10009C,L,10
PPXD10009C,M,12
PPXD10009C,S,0
PPXD10009C,XL,20
PPXD10009C,XXL,1
PPXD10009D,L,20
PPXD10009D,M,20
PPXD10009D,S,0
PPXD10009D,XL,6
PPXD10009D,XXL,0
PPXD10010B,L,0
PPXD10010B,M,0
PPXD10010B,S,0
PPXD10010B,XL,0
PPXD10010B,XXL,0
PPXD10010C,L,0
PPXD10010C,M,0
PPXD10010C,S,0
PPXD10010C,XL,0
PPXD10010C,XXL,0
PPXD10011A,L,20
PPXD10011A,M,20
PPXD10011A,S,1
PPXD10011A,XL,19
PPXD10011A,XXL,0
PPXD10011B,L,0
PPXD10011B,M,0
PPXD10011B,S,0
PPXD10011B,XL,0
PPXD10011B,XXL,0
PPXD10011C,L,20
PPXD10011C,M,20
PPXD10011C,S,2
PPXD10011C,XL,20
PPXD10011C,XXL,3
PPXD10011D,L,20
PPXD10011D,M,20
PPXD10011D,S,7
PPXD10011D,XL,12
PPXD10011D,XXL,0
PPXD10011E,L,19
PPXD10011E,M,20
PPXD10011E,S,5
PPXD10011E,XL,19
PPXD10011E,XXL,0
PPXD10012B,L,0
PPXD10012B,M,0
PPXD10012B,S,0
PPXD10012B,XL,0
PPXD10012B,XXL,0
PPXD10012C,L,0
PPXD10012C,M,0
PPXD10012C,S,0
PPXD10012C,XL,0
PPXD10012C,XXL,0
PPXD10012E,L,0
PPXD10012E,M,0
PPXD10012E,S,2
PPXD10012E,XL,0
PPXD10012E,XXL,1
PPXD10012F,L,0
PPXD10012F,M,0
PPXD10012F,S,0
PPXD10012F,XL,0
PPXD10012F,XXL,0
PPXD10014B,L,0
PPXD10014B,M,0
PPXD10014B,S,0
PPXD10014B,XL,0
PPXD10014B,XXL,0
PPXD10016A,L,20
PPXD10016A,M,20
PPXD10016A,S,20
PPXD10016A,XL,20
PPXD10016A,XXL,1
PPXD10016B,L,20
PPXD10016B,M,20
PPXD10016B,S,20
PPXD10016B,XL,20
PPXD10016B,XXL,8
PPXD10016C,L,20
PPXD10016C,M,20
PPXD10016C,S,15
PPXD10016C,XL,20
PPXD10016C,XXL,6
PPXD10016D,L,20
PPXD10016D,M,20
PPXD10016D,S,1
PPXD10016D,XL,20
PPXD10016D,XXL,2
PPXD10016E,L,20
PPXD10016E,M,20
PPXD10016E,S,20
PPXD10016E,XL,20
PPXD10016E,XXL,14
PPXD10016F,L,20
PPXD10016F,M,20
PPXD10016F,S,20
PPXD10016F,XL,20
PPXD10016F,XXL,5
PPXD10017A,L,20
PPXD10017A,M,20
PPXD10017A,S,9
PPXD10017A,XL,20
PPXD10017A,XXL,7
PPXD10017B,L,20
PPXD10017B,M,13
PPXD10017B,S,2
PPXD10017B,XL,20
PPXD10017B,XXL,5
PPXD10017C,L,20
PPXD10017C,M,20
PPXD10017C,S,20
PPXD10017C,XL,20
PPXD10017C,XXL,10
PPXD10018A,L,20
PPXD10018A,M,20
PPXD10018A,S,18
PPXD10018A,XL,20
PPXD10018A,XXL,2
PPXD10018B,L,20
PPXD10018B,M,20
PPXD10018B,S,10
PPXD10018B,XL,20
PPXD10018B,XXL,3
PPXD10019A,L,0
PPXD10019A,M,1
PPXD10019A,S,1
PPXD10019A,XL,1
PPXD10019A,XXL,1
PPXD10019C,L,1
PPXD10019C,M,2
PPXD10019C,S,0
PPXD10019C,XL,14
PPXD10019C,XXL,0
PPXD10019D,L,20
PPXD10019D,M,20
PPXD10019D,S,10
PPXD10019D,XL,20
PPXD10019D,XXL,1
PPXD10019E,L,0
PPXD10019E,M,0
PPXD10019E,S,0
PPXD10019E,XL,0
PPXD10019E,XXL,0
PPXD10019J,L,2
PPXD10019J,M,0
PPXD10019J,S,1
PPXD10019J,XL,1
PPXD10019J,XXL,0
PPXD10019K,L,1
PPXD10019K,M,2
PPXD10019K,S,5
PPXD10019K,XL,1
PPXD10019K,XXL,1
PPXD10019L,L,2
PPXD10019L,M,20
PPXD10019L,S,20
PPXD10019L,XL,20
PPXD10019L,XXL,1
PPXD10019M,L,20
PPXD10019M,M,20
PPXD10019M,S,3
PPXD10019M,XL,20
PPXD10019M,XXL,2
PPXD10019O,L,0
PPXD10019O,M,1
PPXD10019O,S,1
PPXD10019O,XL,0
PPXD10019O,XXL,0
PPXD10019P,L,0
PPXD10019P,M,2
PPXD10019P,S,14
PPXD10019P,XL,1
PPXD10019P,XXL,1
PPXD10019Q,L,2
PPXD10019Q,M,1
PPXD10019Q,S,15
PPXD10019Q,XL,3
PPXD10019Q,XXL,0
PPXD10019R,L,1
PPXD10019R,M,1
PPXD10019R,S,1
PPXD10019R,XL,6
PPXD10019R,XXL,1
PPXD10019S,L,0
PPXD10019S,M,0
PPXD10019S,S,1
PPXD10019S,XL,1
PPXD10019S,XXL,0
PPXD10019T,L,0
PPXD10019T,M,1
PPXD10019T,S,4
PPXD10019T,XL,0
PPXD10019T,XXL,0
PPXD10020A,L,20
PPXD10020A,M,20
PPXD10020A,S,20
PPXD10020A,XL,5
PPXD10020A,XXL,8
PPXD10020B,L,2
PPXD10020B,M,20
PPXD10020B,S,20
PPXD10020B,XL,0
PPXD10020B,XXL,0
PPXD10020C,L,20
PPXD10020C,M,20
PPXD10020C,S,20
PPXD10020C,XL,1
PPXD10020C,XXL,0
PPXD10020D,L,20
PPXD10020D,M,20
PPXD10020D,S,20
PPXD10020D,XL,7
PPXD10020D,XXL,4
PPXD10020F,L,20
PPXD10020F,M,20
PPXD10020F,S,20
PPXD10020F,XL,1
PPXD10020F,XXL,1
PPXD10020G,L,0
PPXD10020G,M,0
PPXD10020G,S,0
PPXD10020G,XL,0
PPXD10020G,XXL,0
PPXD10020H,L,20
PPXD10020H,M,20
PPXD10020H,S,20
PPXD10020H,XL,13
PPXD10020H,XXL,0
PPXD10020J,L,20
PPXD10020J,M,20
PPXD10020J,S,20
PPXD10020J,XL,2
PPXD10020J,XXL,1
PPXD10020K,L,20
PPXD10020K,M,20
PPXD10020K,S,20
PPXD10020K,XL,1
PPXD10020K,XXL,0
PPXD10020L,L,0
PPXD10020L,M,2
PPXD10020L,S,20
PPXD10020L,XL,0
PPXD10020L,XXL,0
PPXD10020O,L,20
PPXD10020O,M,20
PPXD10020O,S,20
PPXD10020O,XL,5
PPXD10020O,XXL,6
PPXD10020R,L,7
PPXD10020R,M,3
PPXD10020R,S,2
PPXD10020R,XL,3
PPXD10020R,XXL,2
PPXD10020S,L,6
PPXD10020S,M,20
PPXD10020S,S,20
PPXD10020S,XL,0
PPXD10020S,XXL,9
PPXD10021B,L,0
PPXD10021B,M,0
PPXD10021B,S,0
PPXD10021B,XL,0
PPXD10021B,XXL,0
PPXD10021C,L,8
PPXD10021C,M,3
PPXD10021C,S,1
PPXD10021C,XL,2
PPXD10021C,XXL,1
PPXD10021D,L,2
PPXD10021D,M,1
PPXD10021D,S,1
PPXD10021D,XL,1
PPXD10021D,XXL,0
PPXD10021E,L,2
PPXD10021E,M,2
PPXD10021E,S,0
PPXD10021E,XL,1
PPXD10021E,XXL,2
PPXD10022A,L,4
PPXD10022A,M,1
PPXD10022A,S,1
PPXD10022A,XL,4
PPXD10022A,XXL,1
PPXD10022B,L,20
PPXD10022B,M,20
PPXD10022B,S,0
PPXD10022B,XL,20
PPXD10022B,XXL,0
PPXD10023A,L,20
PPXD10023A,M,20
PPXD10023A,S,20
PPXD10023A,XL,20
PPXD10023A,XXL,20
PPXD10023B,L,20
PPXD10023B,M,20
PPXD10023B,S,20
PPXD10023B,XL,20
PPXD10023B,XXL,6
PPXD10023C,L,20
PPXD10023C,M,20
PPXD10023C,S,9
PPXD10023C,XL,20
PPXD10023C,XXL,15
PPXD10023D,L,20
PPXD10023D,M,20
PPXD10023D,S,20
PPXD10023D,XL,20
PPXD10023D,XXL,16
PPXD10023E,L,20
PPXD10023E,M,20
PPXD10023E,S,14
PPXD10023E,XL,20
PPXD10023E,XXL,18
PPXD10025A,L,0
PPXD10025A,M,0
PPXD10025A,S,0
PPXD10025A,XL,0
PPXD10025A,XXL,0
PPXD10025B,L,20
PPXD10025B,M,20
PPXD10025B,S,20
PPXD10025B,XL,20
PPXD10025B,XXL,19
PPXD10028A,L,0
PPXD10028A,M,0
PPXD10028A,S,0
PPXD10028A,XL,0
PPXD10028A,XXL,0
PPXD10028C,L,0
PPXD10028C,M,0
PPXD10028C,S,8
PPXD10028C,XL,0
PPXD10028C,XXL,0
PPXD10028F,L,2
PPXD10028F,M,0
PPXD10028F,S,1
PPXD10028F,XL,0
PPXD10028F,XXL,0
PPXD10029A,L,20
PPXD10029A,M,20
PPXD10029A,S,10
PPXD10029A,XL,11
PPXD10029A,XXL,10
PPXD10029B,L,0
PPXD10029B,M,0
PPXD10029B,S,0
PPXD10029B,XL,0
PPXD10029B,XXL,0
PPXD10029C,L,20
PPXD10029C,M,20
PPXD10029C,S,0
PPXD10029C,XL,20
PPXD10029C,XXL,6
PPXD10029D,L,0
PPXD10029D,M,0
PPXD10029D,S,2
PPXD10029D,XL,0
PPXD10029D,XXL,0
PPXD10030A,L,20
PPXD10030A,M,20
PPXD10030A,S,20
PPXD10030A,XL,20
PPXD10030A,XXL,1
PPXD10030B,L,18
PPXD10030B,M,14
PPXD10030B,S,0
PPXD10030B,XL,4
PPXD10030B,XXL,0
PPXD10030C,L,20
PPXD10030C,M,20
PPXD10030C,S,1
PPXD10030C,XL,5
PPXD10030C,XXL,1
PPXD10030D,L,20
PPXD10030D,M,20
PPXD10030D,S,4
PPXD10030D,XL,11
PPXD10030D,XXL,4
PPXD10030E,L,20
PPXD10030E,M,20
PPXD10030E,S,12
PPXD10030E,XL,20
PPXD10030E,XXL,10
PPXD10030F,L,20
PPXD10030F,M,20
PPXD10030F,S,0
PPXD10030F,XL,3
PPXD10030F,XXL,0
PPXD10032A,L,20
PPXD10032A,M,20
PPXD10032A,S,19
PPXD10032A,XL,20
PPXD10032A,XXL,2
PPXD10032B,L,0
PPXD10032B,M,0
PPXD10032B,S,0
PPXD10032B,XL,0
PPXD10032B,XXL,0
PPXD10032C,L,20
PPXD10032C,M,20
PPXD10032C,S,20
PPXD10032C,XL,20
PPXD10032C,XXL,5
PPXD10032D,L,20
PPXD10032D,M,20
PPXD10032D,S,11
PPXD10032D,XL,20
PPXD10032D,XXL,7
PPXD10033A,L,20
PPXD10033A,M,20
PPXD10033A,S,20
PPXD10033A,XL,20
PPXD10033A,XXL,7
PPXD10033B,L,0
PPXD10033B,M,0
PPXD10033B,S,1
PPXD10033B,XL,0
PPXD10033B,XXL,0
PPXD10033C,L,20
PPXD10033C,M,20
PPXD10033C,S,5
PPXD10033C,XL,2
PPXD10033C,XXL,7
PPXD10033D,L,4
PPXD10033D,M,0
PPXD10033D,S,0
PPXD10033D,XL,0
PPXD10033D,XXL,3
PPXD10033E,L,20
PPXD10033E,M,20
PPXD10033E,S,19
PPXD10033E,XL,20
PPXD10033E,XXL,7
PPXF10001A,L,0
PPXF10001A,M,0
PPXF10001A,S,0
PPXF10001A,XL,0
PPXF10001A,XXL,0
PPXF10001B,L,20
PPXF10001B,M,20
PPXF10001B,S,5
PPXF10001B,XL,19
PPXF10001B,XXL,6
PPXF10001C,L,0
PPXF10001C,M,0
PPXF10001C,S,2
PPXF10001C,XL,1
PPXF10001C,XXL,0
PPXF10001G,L,20
PPXF10001G,M,20
PPXF10001G,S,20
PPXF10001G,XL,20
PPXF10001G,XXL,12
PPXF10001I,L,20
PPXF10001I,M,20
PPXF10001I,S,20
PPXF10001I,XL,20
PPXF10001I,XXL,20
PPXF10001J,L,2
PPXF10001J,M,4
PPXF10001J,S,3
PPXF10001J,XL,1
PPXF10001J,XXL,0
PPXF10002A,L,15
PPXF10002A,M,4
PPXF10002A,S,5
PPXF10002A,XL,11
PPXF10002A,XXL,8
PPXF10004B,L,20
PPXF10004B,M,20
PPXF10004B,S,1
PPXF10004B,XL,20
PPXF10004B,XXL,5
PPXF10011A,L,1
PPXF10011A,M,1
PPXF10011A,S,1
PPXF10011A,XL,1
PPXF10011A,XXL,0
PPXF10011B,L,7
PPXF10011B,M,20
PPXF10011B,S,3
PPXF10011B,XL,7
PPXF10011B,XXL,2
PPXF10011E,L,19
PPXF10011E,M,11
PPXF10011E,S,1
PPXF10011E,XL,4
PPXF10011E,XXL,1
PPXF10012A,L,20
PPXF10012A,M,20
PPXF10012A,S,8
PPXF10012A,XL,20
PPXF10012A,XXL,1
PPXF10013A,L,1
PPXF10013A,M,20
PPXF10013A,S,10
PPXF10013A,XL,1
PPXF10013A,XXL,2
PPXF10013B,L,20
PPXF10013B,M,20
PPXF10013B,S,8
PPXF10013B,XL,20
PPXF10013B,XXL,1
PPXF10014B,L,20
PPXF10014B,M,20
PPXF10014B,S,4
PPXF10014B,XL,8
PPXF10014B,XXL,0
PPXF10016A,L,13
PPXF10016A,M,1
PPXF10016A,S,1
PPXF10016A,XL,0
PPXF10016A,XXL,0
PPXF10016B,L,20
PPXF10016B,M,13
PPXF10016B,S,4
PPXF10016B,XL,8
PPXF10016B,XXL,2
PPXF10025A,L,20
PPXF10025A,M,20
PPXF10025A,S,1
PPXF10025A,XL,20
PPXF10025A,XXL,20
PPXF10026A,L,20
PPXF10026A,M,20
PPXF10026A,S,3
PPXF10026A,XL,16
PPXF10026A,XXL,1
PPXF10027A,L,20
PPXF10027A,M,20
PPXF10027A,S,19
PPXF10027A,XL,20
PPXF10027A,XXL,4
PPXF10032A,L,20
PPXF10032A,M,20
PPXF10032A,S,13
PPXF10032A,XL,20
PPXF10032A,XXL,1
PPXF10032B,L,20
PPXF10032B,M,20
PPXF10032B,S,11
PPXF10032B,XL,17
PPXF10032B,XXL,1
PPXF10032C,L,20
PPXF10032C,M,20
PPXF10032C,S,19
PPXF10032C,XL,20
PPXF10032C,XXL,20
PPXF10034A,L,20
PPXF10034A,M,20
PPXF10034A,S,8
PPXF10034A,XL,20
PPXF10034A,XXL,0
PPXF10035A,L,12
PPXF10035A,M,20
PPXF10035A,S,17
PPXF10035A,XL,0
PPXF10035A,XXL,0
PPXF10035B,L,17
PPXF10035B,M,20
PPXF10035B,S,19
PPXF10035B,XL,0
PPXF10035B,XXL,0
PPXF30006A,L,7
PPXF30006A,M,5
PPXF30006A,S,0
PPXF30006A,XL,4
PPXF30006A,XXL,1
PPXF30006B,L,7
PPXF30006B,M,6
PPXF30006B,S,2
PPXF30006B,XL,6
PPXF30006B,XXL,0
PPXF30006C,L,4
PPXF30006C,M,2
PPXF30006C,S,0
PPXF30006C,XL,6
PPXF30006C,XXL,0
PPXF30006D,L,12
PPXF30006D,M,6
PPXF30006D,S,2
PPXF30006D,XL,3
PPXF30006D,XXL,0
PPXF30007B,L,8
PPXF30007B,M,7
PPXF30007B,S,3
PPXF30007B,XL,5
PPXF30007B,XXL,2
PPXF30007C,L,9
PPXF30007C,M,7
PPXF30007C,S,1
PPXF30007C,XL,7
PPXF30007C,XXL,1
PPXF30007D,L,0
PPXF30007D,M,0
PPXF30007D,S,0
PPXF30007D,XL,0
PPXF30007D,XXL,0
PPXF30011A,L,20
PPXF30011A,M,20
PPXF30011A,S,20
PPXF30011A,XL,20
PPXF30011A,XXL,19
PPXF30011C,L,0
PPXF30011C,M,0
PPXF30011C,S,0
PPXF30011C,XL,0
PPXF30011C,XXL,0
PPXF30011D,L,12
PPXF30011D,M,12
PPXF30011D,S,4
PPXF30011D,XL,6
PPXF30011D,XXL,3
PPXF30011E,L,16
PPXF30011E,M,15
PPXF30011E,S,6
PPXF30011E,XL,11
PPXF30011E,XXL,5
PPXF30011F,L,3
PPXF30011F,M,7
PPXF30011F,S,2
PPXF30011F,XL,4
PPXF30011F,XXL,3
PPXF30011G,L,3
PPXF30011G,M,3
PPXF30011G,S,0
PPXF30011G,XL,2
PPXF30011G,XXL,1
PPXF30011H,L,20
PPXF30011H,M,20
PPXF30011H,S,18
PPXF30011H,XL,20
PPXF30011H,XXL,17
PPXF30011I,L,14
PPXF30011I,M,20
PPXF30011I,S,7
PPXF30011I,XL,10
PPXF30011I,XXL,0
PPXF30011J,L,11
PPXF30011J,M,11
PPXF30011J,S,2
PPXF30011J,XL,8
PPXF30011J,XXL,4
PPXF30012A,L,8
PPXF30012A,M,5
PPXF30012A,S,0
PPXF30012A,XL,6
PPXF30012A,XXL,3
PPXF30012C,L,20
PPXF30012C,M,20
PPXF30012C,S,11
PPXF30012C,XL,20
PPXF30012C,XXL,10
PPXF30013A,L,8
PPXF30013A,M,8
PPXF30013A,S,3
PPXF30013A,XL,6
PPXF30013A,XXL,4
PPXF30013B,L,20
PPXF30013B,M,20
PPXF30013B,S,13
PPXF30013B,XL,17
PPXF30013B,XXL,6
PPXF30014A,L,2
PPXF30014A,M,2
PPXF30014A,S,3
PPXF30014A,XL,0
PPXF30014A,XXL,2
PPXF30014B,L,9
PPXF30014B,M,7
PPXF30014B,S,4
PPXF30014B,XL,5
PPXF30014B,XXL,3
PPXF30020A,L,5
PPXF30020A,M,12
PPXF30020A,S,1
PPXF30020A,XL,2
PPXF30020A,XXL,3
PPXF30020C,L,9
PPXF30020C,M,9
PPXF30020C,S,4
PPXF30020C,XL,4
PPXF30020C,XXL,3
PPXF30021C,L,20
PPXF30021C,M,15
PPXF30021C,S,4
PPXF30021C,XL,16
PPXF30021C,XXL,7
PPXF30022A,L,6
PPXF30022A,M,0
PPXF30022A,S,0
PPXF30022A,XL,7
PPXF30022A,XXL,3
PPXF30022C,L,20
PPXF30022C,M,20
PPXF30022C,S,7
PPXF30022C,XL,9
PPXF30022C,XXL,3
PPXF30022E,L,20
PPXF30022E,M,20
PPXF30022E,S,19
PPXF30022E,XL,20
PPXF30022E,XXL,17
PPXF30025A,L,0
PPXF30025A,M,2
PPXF30025A,S,7
PPXF30025A,XL,10
PPXF30025A,XXL,5
PPXF30035A,L,3
PPXF30035A,M,4
PPXF30035A,S,0
PPXF30035A,XL,3
PPXF30035A,XXL,1
PPXF30050A,L,0
PPXF30050A,M,0
PPXF30050A,S,0
PPXF30050A,XL,0
PPXF30050A,XXL,0
PPXF30050B,L,0
PPXF30050B,M,0
PPXF30050B,S,0
PPXF30050B,XL,0
PPXF30050B,XXL,0
PPXF30051A,L,0
PPXF30051A,M,0
PPXF30051A,S,1
PPXF30051A,XL,5
PPXF30051A,XXL,0
PPXH10001A,37,0
PPXH10001A,38,2
PPXH10001A,39,0
PPXH10001A,40,0
PPXH10001A,41,0
PPXH10001A,42,4
PPXH10001A,43,1
PPXH10001A,44,6
PPXH10001A,45,0
PPXH10002A,37,0
PPXH10002A,38,0
PPXH10002A,39,0
PPXH10002A,40,0
PPXH10002A,41,0
PPXH10002A,42,0
PPXH10002A,43,0
PPXH10002A,44,0
PPXH10002A,45,0
PPXH10002B,37,1
PPXH10002B,38,1
PPXH10002B,39,0
PPXH10002B,40,0
PPXH10002B,41,0
PPXH10002B,42,0
PPXH10002B,43,0
PPXH10002B,44,0
PPXH10002B,45,0
PPXH10004A,37,0
PPXH10004A,38,0
PPXH10004A,39,0
PPXH10004A,40,0
PPXH10004A,41,0
PPXH10004A,42,0
PPXH10004A,43,0
PPXH10004A,44,0
PPXH10004A,45,0
PPXH10005A,37,1
PPXH10005A,38,1
PPXH10005A,39,1
PPXH10005A,40,1
PPXH10005A,41,1
PPXH10005A,42,0
PPXH10005A,43,0
PPXH10005A,44,1
PPXH10005A,45,0
PPXH10005B,37,1
PPXH10005B,38,1
PPXH10005B,39,0
PPXH10005B,40,1
PPXH10005B,41,1
PPXH10005B,42,0
PPXH10005B,43,1
PPXH10005B,44,1
PPXH10005B,45,1
PPXH10005D,37,1
PPXH10005D,38,3
PPXH10005D,39,2
PPXH10005D,40,8
PPXH10005D,41,5
PPXH10005D,42,5
PPXH10005D,43,5
PPXH10005D,44,1
PPXH10005D,45,1
PPXH10006A,37,1
PPXH10006A,38,1
PPXH10006A,39,1
PPXH10006A,40,2
PPXH10006A,41,1
PPXH10006A,42,0
PPXH10006A,43,2
PPXH10006A,44,1
PPXH10006A,45,2
PPXH10007A,37,1
PPXH10007A,38,0
PPXH10007A,39,0
PPXH10007A,40,0
PPXH10007A,41,0
PPXH10007A,42,0
PPXH10007A,43,0
PPXH10007A,44,1
PPXH10007A,45,0
PPXH10007B,37,1
PPXH10007B,38,1
PPXH10007B,39,4
PPXH10007B,40,16
PPXH10007B,41,15
PPXH10007B,42,19
PPXH10007B,43,3
PPXH10007B,44,0
PPXH10007B,45,0
PPXH10007C,37,0
PPXH10007C,38,4
PPXH10007C,39,6
PPXH10007C,40,14
PPXH10007C,41,12
PPXH10007C,42,12
PPXH10007C,43,10
PPXH10007C,44,0
PPXH10007C,45,2
PPXH10009A,37,0
PPXH10009A,38,1
PPXH10009A,39,0
PPXH10009A,40,0
PPXH10009A,41,0
PPXH10009A,42,0
PPXH10009A,43,0
PPXH10009A,44,3
PPXH10009A,45,1
PPXH10010A,37,0
PPXH10010A,38,0
PPXH10010A,39,0
PPXH10010A,40,0
PPXH10010A,41,0
PPXH10010A,42,0
PPXH10010A,43,0
PPXH10010A,44,0
PPXH10010A,45,0
PPXH10010B,37,0
PPXH10010B,38,0
PPXH10010B,39,2
PPXH10010B,40,4
PPXH10010B,41,11
PPXH10010B,42,14
PPXH10010B,43,2
PPXH10010B,44,0
PPXH10010B,45,0
PPXH10010C,37,0
PPXH10010C,38,0
PPXH10010C,39,1
PPXH10010C,40,1
PPXH10010C,41,2
PPXH10010C,42,1
PPXH10010C,43,0
PPXH10010C,44,0
PPXH10010C,45,0
PPXH10010E,37,0
PPXH10010E,38,2
PPXH10010E,39,2
PPXH10010E,40,5
PPXH10010E,41,6
PPXH10010E,42,2
PPXH10010E,43,3
PPXH10010E,44,1
PPXH10010E,45,0
PPXH10010F,37,0
PPXH10010F,38,1
PPXH10010F,39,11
PPXH10010F,40,13
PPXH10010F,41,16
PPXH10010F,42,17
PPXH10010F,43,14
PPXH10010F,44,4
PPXH10010F,45,4
PPXH10010H,37,0
PPXH10010H,38,0
PPXH10010H,39,2
PPXH10010H,40,3
PPXH10010H,41,5
PPXH10010H,42,2
PPXH10010H,43,4
PPXH10010H,44,5
PPXH10010H,45,0
PPXH10011A,37,1
PPXH10011A,38,0
PPXH10011A,39,0
PPXH10011A,40,2
PPXH10011A,41,0
PPXH10011A,42,7
PPXH10011A,43,1
PPXH10011A,44,0
PPXH10011A,45,0
PPXH10011B,37,1
PPXH10011B,38,0
PPXH10011B,39,0
PPXH10011B,40,0
PPXH10011B,41,0
PPXH10011B,42,0
PPXH10011B,43,0
PPXH10011B,44,0
PPXH10011B,45,1
PPXH10012A,37,1
PPXH10012A,38,0
PPXH10012A,39,1
PPXH10012A,40,0
PPXH10012A,41,0
PPXH10012A,42,0
PPXH10012A,43,0
PPXH10012A,44,0
PPXH10012A,45,1
PPXH10013A,37,1
PPXH10013A,38,0
PPXH10013A,39,1
PPXH10013A,40,0
PPXH10013A,41,0
PPXH10013A,42,1
PPXH10013A,43,0
PPXH10013A,44,0
PPXH10013A,45,1
PPXH10014A,37,0
PPXH10014A,38,0
PPXH10014A,39,0
PPXH10014A,40,1
PPXH10014A,41,0
PPXH10014A,42,0
PPXH10014A,43,0
PPXH10014A,44,0
PPXH10014A,45,1
PPXH10015A,37,0
PPXH10015A,38,0
PPXH10015A,39,0
PPXH10015A,40,1
PPXH10015A,41,1
PPXH10015A,42,1
PPXH10015A,43,0
PPXH10015A,44,0
PPXH10015A,45,0
PPXH10017A,37,0
PPXH10017A,38,0
PPXH10017A,39,1
PPXH10017A,40,0
PPXH10017A,41,0
PPXH10017A,42,0
PPXH10017A,43,1
PPXH10017A,44,0
PPXH10017A,45,0
PPXH10017B,37,0
PPXH10017B,38,0
PPXH10017B,39,2
PPXH10017B,40,0
PPXH10017B,41,0
PPXH10017B,42,5
PPXH10017B,43,1
PPXH10017B,44,0
PPXH10017B,45,0
PPXH10017C,37,0
PPXH10017C,38,4
PPXH10017C,39,15
PPXH10017C,40,17
PPXH10017C,41,10
PPXH10017C,42,0
PPXH10017C,43,5
PPXH10017C,44,0
PPXH10017C,45,0
PPXH10017D,37,1
PPXH10017D,38,9
PPXH10017D,39,20
PPXH10017D,40,20
PPXH10017D,41,20
PPXH10017D,42,2
PPXH10017D,43,1
PPXH10017D,44,0
PPXH10017D,45,1
PPXH10017E,37,0
PPXH10017E,38,2
PPXH10017E,39,0
PPXH10017E,40,8
PPXH10017E,41,2
PPXH10017E,42,1
PPXH10017E,43,3
PPXH10017E,44,0
PPXH10017E,45,0
PPXH10017F,37,0
PPXH10017F,38,0
PPXH10017F,39,0
PPXH10017F,40,0
PPXH10017F,41,0
PPXH10017F,42,0
PPXH10017F,43,0
PPXH10017F,44,0
PPXH10017F,45,0
PPXH10017I,37,0
PPXH10017I,38,0
PPXH10017I,39,0
PPXH10017I,40,0
PPXH10017I,41,0
PPXH10017I,42,0
PPXH10017I,43,0
PPXH10017I,44,0
PPXH10017I,45,0
PPXH10017K,37,0
PPXH10017K,38,2
PPXH10017K,39,0
PPXH10017K,40,2
PPXH10017K,41,20
PPXH10017K,42,16
PPXH10017K,43,10
PPXH10017K,44,1
PPXH10017K,45,0
PPXH10017L,37,0
PPXH10017L,38,0
PPXH10017L,39,1
PPXH10017L,40,1
PPXH10017L,41,2
PPXH10017L,42,1
PPXH10017L,43,1
PPXH10017L,44,2
PPXH10017L,45,0
PPXH10017M,37,0
PPXH10017M,38,1
PPXH10017M,39,4
PPXH10017M,40,1
PPXH10017M,41,1
PPXH10017M,42,1
PPXH10017M,43,0
PPXH10017M,44,1
PPXH10017M,45,0
PPXH10017N,37,0
PPXH10017N,38,13
PPXH10017N,39,20
PPXH10017N,40,20
PPXH10017N,41,20
PPXH10017N,42,14
PPXH10017N,43,10
PPXH10017N,44,7
PPXH10017N,45,1
PPXH10017P,37,0
PPXH10017P,38,0
PPXH10017P,39,0
PPXH10017P,40,5
PPXH10017P,41,10
PPXH10017P,42,1
PPXH10017P,43,1
PPXH10017P,44,0
PPXH10017P,45,0
PPXH10017Q,37,0
PPXH10017Q,38,1
PPXH10017Q,39,14
PPXH10017Q,40,2
PPXH10017Q,41,15
PPXH10017Q,42,7
PPXH10017Q,43,3
PPXH10017Q,44,1
PPXH10017Q,45,0
PPXH10017S,37,0
PPXH10017S,38,1
PPXH10017S,39,0
PPXH10017S,40,3
PPXH10017S,41,20
PPXH10017S,42,0
PPXH10017S,43,5
PPXH10017S,44,5
PPXH10017S,45,1
PPXH10018A,37,2
PPXH10018A,38,9
PPXH10018A,39,18
PPXH10018A,40,12
PPXH10018A,41,20
PPXH10018A,42,20
PPXH10018A,43,18
PPXH10018A,44,7
PPXH10018A,45,0
PPXH10018B,37,0
PPXH10018B,38,1
PPXH10018B,39,0
PPXH10018B,40,1
PPXH10018B,41,2
PPXH10018B,42,0
PPXH10018B,43,12
PPXH10018B,44,5
PPXH10018B,45,1
PPXH10018C,37,0
PPXH10018C,38,0
PPXH10018C,39,1
PPXH10018C,40,0
PPXH10018C,41,2
PPXH10018C,42,3
PPXH10018C,43,7
PPXH10018C,44,1
PPXH10018C,45,2
PPXH10018D,37,0
PPXH10018D,38,0
PPXH10018D,39,1
PPXH10018D,40,1
PPXH10018D,41,1
PPXH10018D,42,2
PPXH10018D,43,1
PPXH10018D,44,0
PPXH10018D,45,1
PPXH10019A,37,0
PPXH10019A,38,4
PPXH10019A,39,0
PPXH10019A,40,10
PPXH10019A,41,18
PPXH10019A,42,9
PPXH10019A,43,0
PPXH10019A,44,3
PPXH10019A,45,0
PPXH10019B,37,1
PPXH10019B,38,1
PPXH10019B,39,10
PPXH10019B,40,4
PPXH10019B,41,9
PPXH10019B,42,4
PPXH10019B,43,2
PPXH10019B,44,1
PPXH10019B,45,0
PPXH10019C,37,0
PPXH10019C,38,6
PPXH10019C,39,9
PPXH10019C,40,1
PPXH10019C,41,18
PPXH10019C,42,14
PPXH10019C,43,0
PPXH10019C,44,0
PPXH10019C,45,0
PPXH10021B,01,0
PPXH10021B,10,0
PPXH10021B,20,0
PPXH10021B,L,20
PPXH10021B,M,20
PPXH10021B,S,15
PPXH10021B,XL,14
PPXH10021B,XXL,0
PPXH10021C,01,0
PPXH10021C,10,0
PPXH10021C,20,0
PPXH10021C,L,20
PPXH10021C,M,20
PPXH10021C,S,14
PPXH10021C,XL,20
PPXH10021C,XXL,4
PPXH10021D,01,0
PPXH10021D,10,0
PPXH10021D,20,0
PPXH10021D,L,20
PPXH10021D,M,20
PPXH10021D,S,11
PPXH10021D,XL,20
PPXH10021D,XXL,0
PPXH10021E,01,0
PPXH10021E,10,0
PPXH10021E,20,0
PPXH10021E,L,20
PPXH10021E,M,20
PPXH10021E,S,15
PPXH10021E,XL,20
PPXH10021E,XXL,5
PPXH10021F,01,0
PPXH10021F,10,0
PPXH10021F,20,0
PPXH10021F,L,20
PPXH10021F,M,20
PPXH10021F,S,11
PPXH10021F,XL,12
PPXH10021F,XXL,0
PPXH10022A,37,1
PPXH10022A,38,17
PPXH10022A,39,20
PPXH10022A,40,20
PPXH10022A,41,20
PPXH10022A,42,20
PPXH10022A,43,20
PPXH10022A,44,20
PPXH10022A,45,4
PPXH10022B,37,1
PPXH10022B,38,5
PPXH10022B,39,12
PPXH10022B,40,16
PPXH10022B,41,20
PPXH10022B,42,20
PPXH10022B,43,20
PPXH10022B,44,18
PPXH10022B,45,9
PPXH10022C,37,0
PPXH10022C,38,17
PPXH10022C,39,20
PPXH10022C,40,20
PPXH10022C,41,20
PPXH10022C,42,20
PPXH10022C,43,20
PPXH10022C,44,15
PPXH10022C,45,4
PPXH10022D,37,1
PPXH10022D,38,0
PPXH10022D,39,0
PPXH10022D,40,1
PPXH10022D,41,0
PPXH10022D,42,6
PPXH10022D,43,5
PPXH10022D,44,1
PPXH10022D,45,2
PPXH10023A,37,4
PPXH10023A,38,10
PPXH10023A,39,7
PPXH10023A,40,10
PPXH10023A,41,9
PPXH10023A,42,5
PPXH10023A,43,1
PPXH10023A,44,3
PPXH10023A,45,0
PPXH10023B,37,2
PPXH10023B,38,3
PPXH10023B,39,7
PPXH10023B,40,9
PPXH10023B,41,4
PPXH10023B,42,8
PPXH10023B,43,5
PPXH10023B,44,5
PPXH10023B,45,2
PPXH10023C,37,3
PPXH10023C,38,9
PPXH10023C,39,20
PPXH10023C,40,14
PPXH10023C,41,14
PPXH10023C,42,16
PPXH10023C,43,6
PPXH10023C,44,7
PPXH10023C,45,2
PPXH10023D,37,3
PPXH10023D,38,15
PPXH10023D,39,20
PPXH10023D,40,20
PPXH10023D,41,19
PPXH10023D,42,20
PPXH10023D,43,20
PPXH10023D,44,12
PPXH10023D,45,3
PPXH10029A,37,1
PPXH10029A,38,2
PPXH10029A,39,0
PPXH10029A,40,0
PPXH10029A,41,2
PPXH10029A,42,0
PPXH10029A,43,1
PPXH10029A,44,0
PPXH10029A,45,0
PPXH10030A,37,0
PPXH10030A,38,20
PPXH10030A,39,20
PPXH10030A,40,4
PPXH10030A,41,20
PPXH10030A,42,8
PPXH10030A,43,20
PPXH10030A,44,1
PPXH10030A,45,0
PPXH10030B,37,0
PPXH10030B,38,5
PPXH10030B,39,1
PPXH10030B,40,0
PPXH10030B,41,0
PPXH10030B,42,0
PPXH10030B,43,0
PPXH10030B,44,0
PPXH10030B,45,0
PPXH10031A,37,3
PPXH10031A,38,7
PPXH10031A,39,3
PPXH10031A,40,4
PPXH10031A,41,3
PPXH10031A,42,9
PPXH10031A,43,10
PPXH10031A,44,9
PPXH10031A,45,2
PPXH10031B,37,1
PPXH10031B,38,1
PPXH10031B,39,0
PPXH10031B,40,2
PPXH10031B,41,1
PPXH10031B,42,0
PPXH10031B,43,1
PPXH10031B,44,1
PPXH10031B,45,0
PPXH10031C,37,0
PPXH10031C,38,1
PPXH10031C,39,1
PPXH10031C,40,0
PPXH10031C,41,0
PPXH10031C,42,1
PPXH10031C,43,0
PPXH10031C,44,0
PPXH10031C,45,0
PPXH10031D,37,0
PPXH10031D,38,0
PPXH10031D,39,1
PPXH10031D,40,4
PPXH10031D,41,1
PPXH10031D,42,0
PPXH10031D,43,0
PPXH10031D,44,1
PPXH10031D,45,0
PPXH10031E,37,2
PPXH10031E,38,10
PPXH10031E,39,3
PPXH10031E,40,12
PPXH10031E,41,11
PPXH10031E,42,2
PPXH10031E,43,11
PPXH10031E,44,9
PPXH10031E,45,6
PPXH10032A,37,0
PPXH10032A,38,0
PPXH10032A,39,0
PPXH10032A,40,0
PPXH10032A,41,0
PPXH10032A,42,0
PPXH10032A,43,0
PPXH10032A,44,0
PPXH10032A,45,0
PPXH10032B,37,0
PPXH10032B,38,0
PPXH10032B,39,5
PPXH10032B,40,20
PPXH10032B,41,0
PPXH10032B,42,7
PPXH10032B,43,0
PPXH10032B,44,0
PPXH10032B,45,0
PPXH10032C,37,2
PPXH10032C,38,1
PPXH10032C,39,12
PPXH10032C,40,0
PPXH10032C,41,0
PPXH10032C,42,0
PPXH10032C,43,0
PPXH10032C,44,0
PPXH10032C,45,0
PPXH10032D,37,1
PPXH10032D,38,1
PPXH10032D,39,6
PPXH10032D,40,2
PPXH10032D,41,7
PPXH10032D,42,5
PPXH10032D,43,1
PPXH10032D,44,0
PPXH10032D,45,0
PPXH10032E,37,0
PPXH10032E,38,2
PPXH10032E,39,3
PPXH10032E,40,13
PPXH10032E,41,2
PPXH10032E,42,2
PPXH10032E,43,5
PPXH10032E,44,1
PPXH10032E,45,1
PPXH10032H,37,1
PPXH10032H,38,0
PPXH10032H,39,2
PPXH10032H,40,19
PPXH10032H,41,7
PPXH10032H,42,2
PPXH10032H,43,0
PPXH10032H,44,0
PPXH10032H,45,0
PPXH10032L,37,2
PPXH10032L,38,2
PPXH10032L,39,2
PPXH10032L,40,4
PPXH10032L,41,4
PPXH10032L,42,4
PPXH10032L,43,1
PPXH10032L,44,3
PPXH10032L,45,1
PPXH10032M,37,1
PPXH10032M,38,0
PPXH10032M,39,10
PPXH10032M,40,1
PPXH10032M,41,1
PPXH10032M,42,0
PPXH10032M,43,0
PPXH10032M,44,0
PPXH10032M,45,0
PPXH10032N,37,1
PPXH10032N,38,2
PPXH10032N,39,20
PPXH10032N,40,20
PPXH10032N,41,20
PPXH10032N,42,7
PPXH10032N,43,2
PPXH10032N,44,1
PPXH10032N,45,0
PPXH10032O,37,1
PPXH10032O,38,17
PPXH10032O,39,20
PPXH10032O,40,20
PPXH10032O,41,20
PPXH10032O,42,11
PPXH10032O,43,1
PPXH10032O,44,3
PPXH10032O,45,0
PPXH10033B,37,1
PPXH10033B,38,0
PPXH10033B,39,0
PPXH10033B,40,0
PPXH10033B,41,0
PPXH10033B,42,1
PPXH10033B,43,0
PPXH10033B,44,1
PPXH10033B,45,0
PPXH10033D,37,0
PPXH10033D,38,2
PPXH10033D,39,1
PPXH10033D,40,0
PPXH10033D,41,2
PPXH10033D,42,0
PPXH10033D,43,0
PPXH10033D,44,0
PPXH10033D,45,0
PPXH10033F,37,1
PPXH10033F,38,1
PPXH10033F,39,1
PPXH10033F,40,0
PPXH10033F,41,9
PPXH10033F,42,0
PPXH10033F,43,2
PPXH10033F,44,2
PPXH10033F,45,2
PPXH10033G,37,0
PPXH10033G,38,0
PPXH10033G,39,0
PPXH10033G,40,0
PPXH10033G,41,1
PPXH10033G,42,0
PPXH10033G,43,1
PPXH10033G,44,0
PPXH10033G,45,1
PPXH10034A,37,1
PPXH10034A,38,1
PPXH10034A,39,0
PPXH10034A,40,0
PPXH10034A,41,0
PPXH10034A,42,0
PPXH10034A,43,0
PPXH10034A,44,0
PPXH10034A,45,0
PPXH10034B,37,7
PPXH10034B,38,6
PPXH10034B,39,13
PPXH10034B,40,14
PPXH10034B,41,20
PPXH10034B,42,19
PPXH10034B,43,7
PPXH10034B,44,2
PPXH10034B,45,0
PPXH10034C,37,0
PPXH10034C,38,16
PPXH10034C,39,20
PPXH10034C,40,20
PPXH10034C,41,18
PPXH10034C,42,7
PPXH10034C,43,2
PPXH10034C,44,8
PPXH10034C,45,0
PPXH10034D,37,2
PPXH10034D,38,0
PPXH10034D,39,9
PPXH10034D,40,11
PPXH10034D,41,10
PPXH10034D,42,1
PPXH10034D,43,13
PPXH10034D,44,3
PPXH10034D,45,2
PPXH10035A,01,0
PPXH10035A,12,0
PPXH10035A,37,1
PPXH10035A,38,1
PPXH10035A,39,0
PPXH10035A,40,0
PPXH10035A,41,0
PPXH10035A,42,0
PPXH10035A,43,0
PPXH10035A,44,0
PPXH10035A,45,0
PPXH10035A,M,0
PPXH10035B,01,0
PPXH10035B,12,0
PPXH10035B,37,6
PPXH10035B,38,0
PPXH10035B,39,0
PPXH10035B,40,0
PPXH10035B,41,0
PPXH10035B,42,0
PPXH10035B,43,0
PPXH10035B,44,0
PPXH10035B,45,1
PPXH10035B,M,0
PPXH10035C,01,0
PPXH10035C,12,0
PPXH10035C,37,3
PPXH10035C,38,1
PPXH10035C,39,7
PPXH10035C,40,1
PPXH10035C,41,1
PPXH10035C,42,1
PPXH10035C,43,1
PPXH10035C,44,1
PPXH10035C,45,5
PPXH10035C,M,0
PPXH10036A,L,20
PPXH10036A,M,20
PPXH10036A,S,13
PPXH10036A,XL,14
PPXH10036A,XXL,0
PPXH10036B,L,20
PPXH10036B,M,20
PPXH10036B,S,1
PPXH10036B,XL,12
PPXH10036B,XXL,0
PPXH10036E,L,20
PPXH10036E,M,20
PPXH10036E,S,19
PPXH10036E,XL,18
PPXH10036E,XXL,1
PPXH10037A,37,0
PPXH10037A,38,0
PPXH10037A,39,0
PPXH10037A,40,0
PPXH10037A,41,0
PPXH10037A,42,1
PPXH10037A,43,0
PPXH10037A,44,1
PPXH10037A,45,0
PPXH10037B,37,1
PPXH10037B,38,1
PPXH10037B,39,1
PPXH10037B,40,0
PPXH10037B,41,0
PPXH10037B,42,1
PPXH10037B,43,1
PPXH10037B,44,1
PPXH10037B,45,0
PPXH10037D,37,1
PPXH10037D,38,0
PPXH10037D,39,0
PPXH10037D,40,0
PPXH10037D,41,2
PPXH10037D,42,10
PPXH10037D,43,8
PPXH10037D,44,4
PPXH10037D,45,1
PPXH10037E,37,0
PPXH10037E,38,0
PPXH10037E,39,0
PPXH10037E,40,0
PPXH10037E,41,0
PPXH10037E,42,0
PPXH10037E,43,0
PPXH10037E,44,0
PPXH10037E,45,0
PPXH10038A,37,1
PPXH10038A,38,0
PPXH10038A,39,1
PPXH10038A,40,0
PPXH10038A,41,0
PPXH10038A,42,0
PPXH10038A,43,0
PPXH10038A,44,0
PPXH10038A,45,0
PPXH10038B,37,1
PPXH10038B,38,1
PPXH10038B,39,1
PPXH10038B,40,1
PPXH10038B,41,0
PPXH10038B,42,0
PPXH10038B,43,0
PPXH10038B,44,4
PPXH10038B,45,1
PPXH10039A,37,0
PPXH10039A,38,1
PPXH10039A,39,0
PPXH10039A,40,0
PPXH10039A,41,1
PPXH10039A,42,0
PPXH10039A,43,1
PPXH10039A,44,0
PPXH10039A,45,1
PPXH10039B,37,1
PPXH10039B,38,3
PPXH10039B,39,0
PPXH10039B,40,0
PPXH10039B,41,1
PPXH10039B,42,1
PPXH10039B,43,3
PPXH10039B,44,0
PPXH10039B,45,0
PPXH10040A,37,1
PPXH10040A,38,0
PPXH10040A,39,0
PPXH10040A,40,0
PPXH10040A,41,0
PPXH10040A,42,1
PPXH10040A,43,5
PPXH10040A,44,3
PPXH10040A,45,1
PPXH10041B,37,0
PPXH10041B,38,10
PPXH10041B,39,20
PPXH10041B,40,11
PPXH10041B,41,19
PPXH10041B,42,15
PPXH10041B,43,19
PPXH10041B,44,1
PPXH10041B,45,0
PPXH10041C,37,0
PPXH10041C,38,1
PPXH10041C,39,2
PPXH10041C,40,0
PPXH10041C,41,1
PPXH10041C,42,1
PPXH10041C,43,0
PPXH10041C,44,1
PPXH10041C,45,0
PPXH10041D,37,0
PPXH10041D,38,1
PPXH10041D,39,0
PPXH10041D,40,0
PPXH10041D,41,2
PPXH10041D,42,3
PPXH10041D,43,0
PPXH10041D,44,0
PPXH10041D,45,0
PPXH10042A,37,0
PPXH10042A,38,1
PPXH10042A,39,2
PPXH10042A,40,2
PPXH10042A,41,3
PPXH10042A,42,3
PPXH10042A,43,2
PPXH10042A,44,2
PPXH10042A,45,0
PPXH10042B,37,1
PPXH10042B,38,1
PPXH10042B,39,1
PPXH10042B,40,1
PPXH10042B,41,2
PPXH10042B,42,2
PPXH10042B,43,1
PPXH10042B,44,1
PPXH10042B,45,2
PPXH10044A,37,1
PPXH10044A,38,1
PPXH10044A,39,0
PPXH10044A,40,1
PPXH10044A,41,0
PPXH10044A,42,0
PPXH10044A,43,1
PPXH10044A,44,0
PPXH10044A,45,0
PPXH10049A,37,0
PPXH10049A,38,0
PPXH10049A,39,0
PPXH10049A,40,0
PPXH10049A,41,0
PPXH10049A,42,0
PPXH10049A,43,0
PPXH10049A,44,0
PPXH10049A,45,0
PPXH10052A,L,0
PPXH10052A,M,0
PPXH10052A,S,0
PPXH10052A,XL,0
PPXH10052A,XXL,0
PPXH10055A,37,2
PPXH10055A,38,1
PPXH10055A,39,3
PPXH10055A,40,1
PPXH10055A,41,6
PPXH10055A,42,2
PPXH10055A,43,3
PPXH10055A,44,5
PPXH10055A,45,2
PPXH10055B,37,0
PPXH10055B,38,4
PPXH10055B,39,14
PPXH10055B,40,10
PPXH10055B,41,18
PPXH10055B,42,18
PPXH10055B,43,10
PPXH10055B,44,7
PPXH10055B,45,1
PPXH10055D,37,1
PPXH10055D,38,1
PPXH10055D,39,1
PPXH10055D,40,0
PPXH10055D,41,0
PPXH10055D,42,0
PPXH10055D,43,0
PPXH10055D,44,1
PPXH10055D,45,1
PPXH10058A,L,20
PPXH10058A,M,20
PPXH10058A,S,11
PPXH10058A,XL,19
PPXH10058A,XXL,3
PPXH10058B,L,20
PPXH10058B,M,20
PPXH10058B,S,7
PPXH10058B,XL,6
PPXH10058B,XXL,0
PPXH10059A,L,20
PPXH10059A,M,20
PPXH10059A,S,11
PPXH10059A,XL,17
PPXH10059A,XXL,1
PPXH10064B,39,0
PPXH10064B,40,0
PPXH10064B,41,4
PPXH10064B,42,6
PPXH10064B,43,1
PPXH10064B,44,8
PPXH10064B,45,2
PPXH10064B,46,0
PPXH10064B,47,0
PPXH10065A,39,0
PPXH10065A,40,0
PPXH10065A,41,0
PPXH10065A,42,0
PPXH10065A,43,0
PPXH10065A,44,3
PPXH10065A,45,2
PPXH10065A,46,0
PPXH10065A,47,0
PPXH10066A,39,0
PPXH10066A,40,0
PPXH10066A,41,0
PPXH10066A,42,0
PPXH10066A,43,0
PPXH10066A,44,0
PPXH10066A,45,0
PPXH10066A,46,0
PPXH10066A,47,0
PPXH10066B,39,0
PPXH10066B,40,0
PPXH10066B,41,0
PPXH10066B,42,1
PPXH10066B,43,10
PPXH10066B,44,5
PPXH10066B,45,2
PPXH10066B,46,1
PPXH10066B,47,0
PPXH10066C,39,0
PPXH10066C,40,0
PPXH10066C,41,0
PPXH10066C,42,0
PPXH10066C,43,0
PPXH10066C,44,8
PPXH10066C,45,0
PPXH10066C,46,0
PPXH10066C,47,0
PPXH10066D,39,0
PPXH10066D,40,0
PPXH10066D,41,0
PPXH10066D,42,5
PPXH10066D,43,6
PPXH10066D,44,9
PPXH10066D,45,10
PPXH10066D,46,1
PPXH10066D,47,6
PPXH10067A,39,0
PPXH10067A,40,0
PPXH10067A,41,0
PPXH10067A,42,0
PPXH10067A,43,0
PPXH10067A,44,1
PPXH10067A,45,9
PPXH10067A,46,1
PPXH10067A,47,4
PPXH10070A,37,0
PPXH10070A,38,16
PPXH10070A,39,20
PPXH10070A,40,0
PPXH10070A,41,0
PPXH10070A,42,0
PPXH10070A,43,2
PPXH10070A,44,0
PPXH10070A,45,0
PPXH10072B,15,0
PPXH10072B,37,0
PPXH10072B,38,2
PPXH10072B,39,0
PPXH10072B,40,2
PPXH10072B,41,0
PPXH10072B,42,0
PPXH10072B,43,0
PPXH10072B,44,0
PPXH10072B,45,0
PPXH10074A,39,0
PPXH10074A,40,0
PPXH10074A,41,1
PPXH10074A,42,0
PPXH10074A,43,0
PPXH10074A,44,0
PPXH10074A,45,0
PPXH10074A,46,1
PPXH10074A,47,0
PPXH10075A,L,7
PPXH10075A,M,20
PPXH10075A,S,0
PPXH10075A,XL,7
PPXH10075A,XXL,0
PPXH30001A,37,2
PPXH30001A,38,7
PPXH30001A,39,10
PPXH30001A,40,5
PPXH30001A,41,6
PPXH30001A,42,2
PPXH30001A,43,6
PPXH30001A,44,5
PPXH30001A,45,3
PPXH30002A,37,0
PPXH30002A,38,2
PPXH30002A,39,3
PPXH30002A,40,3
PPXH30002A,41,3
PPXH30002A,42,2
PPXH30002A,43,2
PPXH30002A,44,0
PPXH30002A,45,0
PPXH30005A,37,0
PPXH30005A,38,0
PPXH30005A,39,1
PPXH30005A,40,1
PPXH30005A,41,1
PPXH30005A,42,1
PPXH30005A,43,1
PPXH30005A,44,0
PPXH30005A,45,0
PPXH30005B,37,0
PPXH30005B,38,6
PPXH30005B,39,9
PPXH30005B,40,12
PPXH30005B,41,12
PPXH30005B,42,11
PPXH30005B,43,6
PPXH30005B,44,3
PPXH30005B,45,0
PPXH30005C,37,0
PPXH30005C,38,4
PPXH30005C,39,1
PPXH30005C,40,4
PPXH30005C,41,3
PPXH30005C,42,5
PPXH30005C,43,3
PPXH30005C,44,1
PPXH30005C,45,3
PPXH30006A,37,1
PPXH30006A,38,9
PPXH30006A,39,12
PPXH30006A,40,11
PPXH30006A,41,15
PPXH30006A,42,13
PPXH30006A,43,9
PPXH30006A,44,9
PPXH30006A,45,2
PPXH30006B,37,0
PPXH30006B,38,2
PPXH30006B,39,3
PPXH30006B,40,2
PPXH30006B,41,3
PPXH30006B,42,3
PPXH30006B,43,3
PPXH30006B,44,1
PPXH30006B,45,1
PPXH30006C,37,0
PPXH30006C,38,3
PPXH30006C,39,6
PPXH30006C,40,5
PPXH30006C,41,8
PPXH30006C,42,5
PPXH30006C,43,3
PPXH30006C,44,2
PPXH30006C,45,0
PPXH30007A,37,1
PPXH30007A,38,1
PPXH30007A,39,1
PPXH30007A,40,4
PPXH30007A,41,0
PPXH30007A,42,3
PPXH30007A,43,2
PPXH30007A,44,0
PPXH30007A,45,0
PPXH30007B,37,0
PPXH30007B,38,2
PPXH30007B,39,3
PPXH30007B,40,4
PPXH30007B,41,2
PPXH30007B,42,2
PPXH30007B,43,3
PPXH30007B,44,1
PPXH30007B,45,0
PPXH30007C,37,0
PPXH30007C,38,2
PPXH30007C,39,1
PPXH30007C,40,3
PPXH30007C,41,4
PPXH30007C,42,4
PPXH30007C,43,2
PPXH30007C,44,1
PPXH30007C,45,1
PPXH30007D,37,0
PPXH30007D,38,0
PPXH30007D,39,1
PPXH30007D,40,2
PPXH30007D,41,2
PPXH30007D,42,1
PPXH30007D,43,0
PPXH30007D,44,0
PPXH30007D,45,0
PPXH30007E,37,0
PPXH30007E,38,1
PPXH30007E,39,3
PPXH30007E,40,3
PPXH30007E,41,3
PPXH30007E,42,3
PPXH30007E,43,2
PPXH30007E,44,1
PPXH30007E,45,0
PPXH30008A,37,0
PPXH30008A,38,0
PPXH30008A,39,2
PPXH30008A,40,2
PPXH30008A,41,2
PPXH30008A,42,2
PPXH30008A,43,1
PPXH30008A,44,1
PPXH30008A,45,0
PPXH30009B,37,0
PPXH30009B,38,2
PPXH30009B,39,5
PPXH30009B,40,7
PPXH30009B,41,5
PPXH30009B,42,8
PPXH30009B,43,3
PPXH30009B,44,4
PPXH30009B,45,0
PPXH30009C,37,1
PPXH30009C,38,5
PPXH30009C,39,0
PPXH30009C,40,11
PPXH30009C,41,11
PPXH30009C,42,12
PPXH30009C,43,9
PPXH30009C,44,7
PPXH30009C,45,2
PPXH30009D,37,0
PPXH30009D,38,3
PPXH30009D,39,10
PPXH30009D,40,16
PPXH30009D,41,16
PPXH30009D,42,17
PPXH30009D,43,11
PPXH30009D,44,3
PPXH30009D,45,2
PPXH30009E,37,0
PPXH30009E,38,1
PPXH30009E,39,2
PPXH30009E,40,2
PPXH30009E,41,1
PPXH30009E,42,2
PPXH30009E,43,2
PPXH30009E,44,1
PPXH30009E,45,0
PPXH30009F,37,6
PPXH30009F,38,20
PPXH30009F,39,20
PPXH30009F,40,20
PPXH30009F,41,20
PPXH30009F,42,20
PPXH30009F,43,20
PPXH30009F,44,20
PPXH30009F,45,11
PPXH30009G,37,0
PPXH30009G,38,5
PPXH30009G,39,11
PPXH30009G,40,14
PPXH30009G,41,14
PPXH30009G,42,16
PPXH30009G,43,10
PPXH30009G,44,10
PPXH30009G,45,3
PPXH30009H,37,1
PPXH30009H,38,2
PPXH30009H,39,4
PPXH30009H,40,2
PPXH30009H,41,3
PPXH30009H,42,4
PPXH30009H,43,3
PPXH30009H,44,3
PPXH30009H,45,2
PPXH30009I,37,1
PPXH30009I,38,3
PPXH30009I,39,11
PPXH30009I,40,17
PPXH30009I,41,18
PPXH30009I,42,18
PPXH30009I,43,12
PPXH30009I,44,2
PPXH30009I,45,1
PPXH30010A,37,2
PPXH30010A,38,12
PPXH30010A,39,20
PPXH30010A,40,20
PPXH30010A,41,20
PPXH30010A,42,20
PPXH30010A,43,16
PPXH30010A,44,11
PPXH30010A,45,3
PPXH30011A,37,4
PPXH30011A,38,15
PPXH30011A,39,20
PPXH30011A,40,20
PPXH30011A,41,20
PPXH30011A,42,20
PPXH30011A,43,20
PPXH30011A,44,12
PPXH30011A,45,3
PPXH30012C,37,9
PPXH30012C,38,20
PPXH30012C,39,20
PPXH30012C,40,20
PPXH30012C,41,20
PPXH30012C,42,20
PPXH30012C,43,20
PPXH30012C,44,14
PPXH30012C,45,2
PPXH30013A,37,4
PPXH30013A,38,10
PPXH30013A,39,16
PPXH30013A,40,20
PPXH30013A,41,20
PPXH30013A,42,18
PPXH30013A,43,12
PPXH30013A,44,7
PPXH30013A,45,2
PPXH30014A,37,4
PPXH30014A,38,7
PPXH30014A,39,12
PPXH30014A,40,6
PPXH30014A,41,12
PPXH30014A,42,13
PPXH30014A,43,11
PPXH30014A,44,9
PPXH30014A,45,5
PPXH30014B,37,0
PPXH30014B,38,2
PPXH30014B,39,3
PPXH30014B,40,2
PPXH30014B,41,3
PPXH30014B,42,3
PPXH30014B,43,2
PPXH30014B,44,1
PPXH30014B,45,0
PPXH30014C,37,0
PPXH30014C,38,1
PPXH30014C,39,2
PPXH30014C,40,2
PPXH30014C,41,3
PPXH30014C,42,3
PPXH30014C,43,1
PPXH30014C,44,1
PPXH30014C,45,0
PPXH30016B,37,0
PPXH30016B,38,3
PPXH30016B,39,7
PPXH30016B,40,6
PPXH30016B,41,7
PPXH30016B,42,7
PPXH30016B,43,7
PPXH30016B,44,3
PPXH30016B,45,1
PPXH30016C,37,0
PPXH30016C,38,0
PPXH30016C,39,14
PPXH30016C,40,2
PPXH30016C,41,2
PPXH30016C,42,1
PPXH30016C,43,1
PPXH30016C,44,0
PPXH30016C,45,0
PPXH30016D,37,0
PPXH30016D,38,0
PPXH30016D,39,0
PPXH30016D,40,0
PPXH30016D,41,0
PPXH30016D,42,0
PPXH30016D,43,0
PPXH30016D,44,0
PPXH30016D,45,0
PPXH30017A,37,0
PPXH30017A,38,0
PPXH30017A,39,1
PPXH30017A,40,3
PPXH30017A,41,2
PPXH30017A,42,0
PPXH30017A,43,0
PPXH30017A,44,0
PPXH30017A,45,0
PPXH30017C,37,0
PPXH30017C,38,0
PPXH30017C,39,0
PPXH30017C,40,0
PPXH30017C,41,0
PPXH30017C,42,0
PPXH30017C,43,0
PPXH30017C,44,0
PPXH30017C,45,0
PPXH30018A,37,0
PPXH30018A,38,0
PPXH30018A,39,0
PPXH30018A,40,0
PPXH30018A,41,1
PPXH30018A,42,1
PPXH30018A,43,0
PPXH30018A,44,0
PPXH30018A,45,1
PPXH30020A,37,3
PPXH30020A,38,11
PPXH30020A,39,16
PPXH30020A,40,12
PPXH30020A,41,19
PPXH30020A,42,20
PPXH30020A,43,20
PPXH30020A,44,13
PPXH30020A,45,5
PPXH30020B,37,10
PPXH30020B,38,20
PPXH30020B,39,20
PPXH30020B,40,20
PPXH30020B,41,20
PPXH30020B,42,20
PPXH30020B,43,20
PPXH30020B,44,20
PPXH30020B,45,13
PPXH30020C,37,2
PPXH30020C,38,8
PPXH30020C,39,12
PPXH30020C,40,11
PPXH30020C,41,13
PPXH30020C,42,13
PPXH30020C,43,5
PPXH30020C,44,2
PPXH30020C,45,1
PPXH30020E,37,0
PPXH30020E,38,1
PPXH30020E,39,0
PPXH30020E,40,0
PPXH30020E,41,0
PPXH30020E,42,0
PPXH30020E,43,0
PPXH30020E,44,1
PPXH30020E,45,0
PPXH30020F,37,6
PPXH30020F,38,10
PPXH30020F,39,18
PPXH30020F,40,17
PPXH30020F,41,20
PPXH30020F,42,20
PPXH30020F,43,16
PPXH30020F,44,14
PPXH30020F,45,5
PPXH30020G,37,0
PPXH30020G,38,0
PPXH30020G,39,0
PPXH30020G,40,0
PPXH30020G,41,0
PPXH30020G,42,0
PPXH30020G,43,0
PPXH30020G,44,0
PPXH30020G,45,0
PPXH30020H,37,4
PPXH30020H,38,11
PPXH30020H,39,18
PPXH30020H,40,16
PPXH30020H,41,19
PPXH30020H,42,16
PPXH30020H,43,15
PPXH30020H,44,9
PPXH30020H,45,5
PPXH30021C,37,6
PPXH30021C,38,20
PPXH30021C,39,20
PPXH30021C,40,20
PPXH30021C,41,20
PPXH30021C,42,20
PPXH30021C,43,20
PPXH30021C,44,17
PPXH30021C,45,13
PPXH30021D,37,2
PPXH30021D,38,0
PPXH30021D,39,0
PPXH30021D,40,0
PPXH30021D,41,0
PPXH30021D,42,0
PPXH30021D,43,0
PPXH30021D,44,0
PPXH30021D,45,0
PPXH30021F,37,10
PPXH30021F,38,20
PPXH30021F,39,20
PPXH30021F,40,20
PPXH30021F,41,20
PPXH30021F,42,20
PPXH30021F,43,20
PPXH30021F,44,20
PPXH30021F,45,20
PPXH30021G,37,4
PPXH30021G,38,18
PPXH30021G,39,20
PPXH30021G,40,20
PPXH30021G,41,20
PPXH30021G,42,20
PPXH30021G,43,20
PPXH30021G,44,15
PPXH30021G,45,4
PPXH30021H,37,0
PPXH30021H,38,0
PPXH30021H,39,0
PPXH30021H,40,0
PPXH30021H,41,0
PPXH30021H,42,0
PPXH30021H,43,0
PPXH30021H,44,0
PPXH30021H,45,0
PPXH30021J,37,0
PPXH30021J,38,2
PPXH30021J,39,6
PPXH30021J,40,6
PPXH30021J,41,7
PPXH30021J,42,8
PPXH30021J,43,6
PPXH30021J,44,2
PPXH30021J,45,0
PPXH30021K,37,3
PPXH30021K,38,16
PPXH30021K,39,20
PPXH30021K,40,20
PPXH30021K,41,20
PPXH30021K,42,20
PPXH30021K,43,18
PPXH30021K,44,12
PPXH30021K,45,8
PPXH30022A,37,6
PPXH30022A,38,20
PPXH30022A,39,20
PPXH30022A,40,20
PPXH30022A,41,20
PPXH30022A,42,20
PPXH30022A,43,20
PPXH30022A,44,20
PPXH30022A,45,7
PPXH30022B,37,1
PPXH30022B,38,11
PPXH30022B,39,14
PPXH30022B,40,12
PPXH30022B,41,16
PPXH30022B,42,11
PPXH30022B,43,7
PPXH30022B,44,10
PPXH30022B,45,4
PPXH30022C,37,0
PPXH30022C,38,0
PPXH30022C,39,0
PPXH30022C,40,0
PPXH30022C,41,0
PPXH30022C,42,0
PPXH30022C,43,0
PPXH30022C,44,0
PPXH30022C,45,2
PPXH30022D,37,1
PPXH30022D,38,1
PPXH30022D,39,1
PPXH30022D,40,4
PPXH30022D,41,4
PPXH30022D,42,4
PPXH30022D,43,3
PPXH30022D,44,1
PPXH30022D,45,0
PPXH30022E,37,0
PPXH30022E,38,2
PPXH30022E,39,3
PPXH30022E,40,2
PPXH30022E,41,4
PPXH30022E,42,3
PPXH30022E,43,4
PPXH30022E,44,3
PPXH30022E,45,2
PPXH30022F,37,2
PPXH30022F,38,6
PPXH30022F,39,9
PPXH30022F,40,11
PPXH30022F,41,8
PPXH30022F,42,4
PPXH30022F,43,6
PPXH30022F,44,5
PPXH30022F,45,0
PPXH30023A,37,0
PPXH30023A,38,0
PPXH30023A,39,0
PPXH30023A,40,0
PPXH30023A,41,0
PPXH30023A,42,0
PPXH30023A,43,0
PPXH30023A,44,0
PPXH30023A,45,0
PPXH30023B,37,3
PPXH30023B,38,12
PPXH30023B,39,20
PPXH30023B,40,20
PPXH30023B,41,20
PPXH30023B,42,20
PPXH30023B,43,17
PPXH30023B,44,15
PPXH30023B,45,7
PPXH30024A,37,3
PPXH30024A,38,3
PPXH30024A,39,8
PPXH30024A,40,1
PPXH30024A,41,0
PPXH30024A,42,9
PPXH30024A,43,5
PPXH30024A,44,3
PPXH30024A,45,2
PPXH30024C,37,1
PPXH30024C,38,3
PPXH30024C,39,5
PPXH30024C,40,5
PPXH30024C,41,0
PPXH30024C,42,5
PPXH30024C,43,7
PPXH30024C,44,3
PPXH30024C,45,2
PPXH30024D,37,1
PPXH30024D,38,2
PPXH30024D,39,10
PPXH30024D,40,9
PPXH30024D,41,15
PPXH30024D,42,10
PPXH30024D,43,6
PPXH30024D,44,7
PPXH30024D,45,3
PPXH30024F,37,0
PPXH30024F,38,0
PPXH30024F,39,0
PPXH30024F,40,1
PPXH30024F,41,0
PPXH30024F,42,5
PPXH30024F,43,0
PPXH30024F,44,0
PPXH30024F,45,0
PPXH30024G,37,0
PPXH30024G,38,4
PPXH30024G,39,9
PPXH30024G,40,7
PPXH30024G,41,6
PPXH30024G,42,7
PPXH30024G,43,3
PPXH30024G,44,3
PPXH30024G,45,0
PPXH30027A,37,2
PPXH30027A,38,9
PPXH30027A,39,13
PPXH30027A,40,8
PPXH30027A,41,12
PPXH30027A,42,7
PPXH30027A,43,9
PPXH30027A,44,7
PPXH30027A,45,1
PPXH30027B,37,2
PPXH30027B,38,5
PPXH30027B,39,9
PPXH30027B,40,5
PPXH30027B,41,10
PPXH30027B,42,8
PPXH30027B,43,7
PPXH30027B,44,2
PPXH30027B,45,3
PPXH30030B,37,0
PPXH30030B,38,0
PPXH30030B,39,1
PPXH30030B,40,0
PPXH30030B,41,0
PPXH30030B,42,3
PPXH30030B,43,1
PPXH30030B,44,0
PPXH30030B,45,0
PPXH30030C,37,4
PPXH30030C,38,5
PPXH30030C,39,12
PPXH30030C,40,13
PPXH30030C,41,14
PPXH30030C,42,11
PPXH30030C,43,9
PPXH30030C,44,5
PPXH30030C,45,1
PPXH30032A,L,6
PPXH30032A,M,2
PPXH30032A,S,4
PPXH30032A,XL,2
PPXH30032A,XXL,1
PPXH30032C,L,20
PPXH30032C,M,20
PPXH30032C,S,19
PPXH30032C,XL,20
PPXH30032C,XXL,11
PPXH30032D,37,0
PPXH30032D,38,0
PPXH30032D,39,0
PPXH30032D,40,0
PPXH30032D,41,0
PPXH30032D,42,0
PPXH30032D,43,0
PPXH30032D,44,0
PPXH30032D,45,0
PPXH30032D,L,20
PPXH30032D,M,20
PPXH30032D,S,20
PPXH30032D,XL,20
PPXH30032D,XXL,20
PPXH30032E,L,20
PPXH30032E,M,20
PPXH30032E,S,17
PPXH30032E,XL,20
PPXH30032E,XXL,9
PPXH30032F,L,4
PPXH30032F,M,1
PPXH30032F,S,2
PPXH30032F,XL,4
PPXH30032F,XXL,3
PPXH30032G,L,6
PPXH30032G,M,3
PPXH30032G,S,0
PPXH30032G,XL,3
PPXH30032G,XXL,0
PPXH30032H,L,5
PPXH30032H,M,3
PPXH30032H,S,1
PPXH30032H,XL,1
PPXH30032H,XXL,0
PPXH30037B,37,0
PPXH30037B,38,0
PPXH30037B,39,0
PPXH30037B,40,0
PPXH30037B,41,1
PPXH30037B,42,0
PPXH30037B,43,1
PPXH30037B,44,0
PPXH30037B,45,0
PPXH30037D,37,3
PPXH30037D,38,10
PPXH30037D,39,11
PPXH30037D,40,12
PPXH30037D,41,9
PPXH30037D,42,16
PPXH30037D,43,10
PPXH30037D,44,5
PPXH30037D,45,3
PPXH30037F,37,0
PPXH30037F,38,2
PPXH30037F,39,0
PPXH30037F,40,0
PPXH30037F,41,1
PPXH30037F,42,0
PPXH30037F,43,0
PPXH30037F,44,0
PPXH30037F,45,0
PPXH30037I,37,2
PPXH30037I,38,4
PPXH30037I,39,7
PPXH30037I,40,3
PPXH30037I,41,5
PPXH30037I,42,9
PPXH30037I,43,6
PPXH30037I,44,4
PPXH30037I,45,5
PPXH30038A,37,2
PPXH30038A,38,2
PPXH30038A,39,3
PPXH30038A,40,1
PPXH30038A,41,3
PPXH30038A,42,4
PPXH30038A,43,3
PPXH30038A,44,3
PPXH30038A,45,2
PPXH30039B,37,1
PPXH30039B,38,2
PPXH30039B,39,2
PPXH30039B,40,1
PPXH30039B,41,2
PPXH30039B,42,3
PPXH30039B,43,1
PPXH30039B,44,2
PPXH30039B,45,1
PPXH30039C,37,1
PPXH30039C,38,2
PPXH30039C,39,3
PPXH30039C,40,3
PPXH30039C,41,3
PPXH30039C,42,3
PPXH30039C,43,3
PPXH30039C,44,2
PPXH30039C,45,1
PPXH30041A,37,1
PPXH30041A,38,2
PPXH30041A,39,3
PPXH30041A,40,3
PPXH30041A,41,5
PPXH30041A,42,1
PPXH30041A,43,1
PPXH30041A,44,2
PPXH30041A,45,1
PPXH30042A,37,0
PPXH30042A,38,2
PPXH30042A,39,3
PPXH30042A,40,2
PPXH30042A,41,3
PPXH30042A,42,3
PPXH30042A,43,3
PPXH30042A,44,1
PPXH30042A,45,1
PPXH30046A,37,2
PPXH30046A,38,6
PPXH30046A,39,11
PPXH30046A,40,13
PPXH30046A,41,12
PPXH30046A,42,10
PPXH30046A,43,10
PPXH30046A,44,7
PPXH30046A,45,3
PPXH30050A,37,1
PPXH30050A,38,9
PPXH30050A,39,18
PPXH30050A,40,20
PPXH30050A,41,20
PPXH30050A,42,16
PPXH30050A,43,13
PPXH30050A,44,8
PPXH30050A,45,1
PPXH30050B,37,1
PPXH30050B,38,11
PPXH30050B,39,19
PPXH30050B,40,20
PPXH30050B,41,20
PPXH30050B,42,20
PPXH30050B,43,17
PPXH30050B,44,10
PPXH30050B,45,1
PPXH30054A,37,7
PPXH30054A,38,20
PPXH30054A,39,20
PPXH30054A,40,20
PPXH30054A,41,20
PPXH30054A,42,20
PPXH30054A,43,20
PPXH30054A,44,20
PPXH30054A,45,8
PPXH30054B,37,2
PPXH30054B,38,20
PPXH30054B,39,20
PPXH30054B,40,20
PPXH30054B,41,20
PPXH30054B,42,20
PPXH30054B,43,20
PPXH30054B,44,20
PPXH30054B,45,3
PPXH30054C,37,10
PPXH30054C,38,20
PPXH30054C,39,20
PPXH30054C,40,20
PPXH30054C,41,20
PPXH30054C,42,20
PPXH30054C,43,20
PPXH30054C,44,20
PPXH30054C,45,20
PPXH30054D,37,15
PPXH30054D,38,20
PPXH30054D,39,20
PPXH30054D,40,20
PPXH30054D,41,20
PPXH30054D,42,20
PPXH30054D,43,20
PPXH30054D,44,20
PPXH30054D,45,14
PPXH30057B,37,0
PPXH30057B,38,0
PPXH30057B,39,0
PPXH30057B,40,0
PPXH30057B,41,0
PPXH30057B,42,1
PPXH30057B,43,0
PPXH30057B,44,0
PPXH30057B,45,1
PPXH30057C,37,0
PPXH30057C,38,1
PPXH30057C,39,0
PPXH30057C,40,0
PPXH30057C,41,1
PPXH30057C,42,0
PPXH30057C,43,0
PPXH30057C,44,0
PPXH30057C,45,0
PPXH30057D,37,0
PPXH30057D,38,0
PPXH30057D,39,0
PPXH30057D,40,2
PPXH30057D,41,3
PPXH30057D,42,1
PPXH30057D,43,1
PPXH30057D,44,1
PPXH30057D,45,0
PPXH30061A,37,0
PPXH30061A,38,0
PPXH30061A,39,0
PPXH30061A,40,0
PPXH30061A,41,0
PPXH30061A,42,1
PPXH30061A,43,0
PPXH30061A,44,0
PPXH30061A,45,1
PPXH30061A,46,0
PPXH30062A,37,0
PPXH30062A,38,0
PPXH30062A,39,1
PPXH30062A,40,1
PPXH30062A,41,1
PPXH30062A,42,1
PPXH30062A,43,1
PPXH30062A,44,1
PPXH30062A,45,0
PPXH30062A,46,0
PPXH30065A,37,0
PPXH30065A,38,0
PPXH30065A,39,1
PPXH30065A,40,1
PPXH30065A,41,1
PPXH30065A,42,2
PPXH30065A,43,2
PPXH30065A,44,1
PPXH30065A,45,2
PPXH30065A,46,0
PPXH30066A,37,0
PPXH30066A,38,0
PPXH30066A,39,1
PPXH30066A,40,2
PPXH30066A,41,2
PPXH30066A,42,4
PPXH30066A,43,3
PPXH30066A,44,2
PPXH30066A,45,2
PPXH30066A,46,0
PPXH30067B,37,0
PPXH30067B,38,0
PPXH30067B,39,2
PPXH30067B,40,3
PPXH30067B,41,0
PPXH30067B,42,1
PPXH30067B,43,1
PPXH30067B,44,0
PPXH30067B,45,2
PPXH30067B,46,1
PPXH30067C,37,0
PPXH30067C,38,0
PPXH30067C,39,4
PPXH30067C,40,3
PPXH30067C,41,6
PPXH30067C,42,10
PPXH30067C,43,9
PPXH30067C,44,6
PPXH30067C,45,6
PPXH30067C,46,4
PPXH30069A,37,0
PPXH30069A,38,0
PPXH30069A,39,0
PPXH30069A,40,0
PPXH30069A,41,1
PPXH30069A,42,1
PPXH30069A,43,1
PPXH30069A,44,1
PPXH30069A,45,0
PPXH30069A,46,0
PPXH30069B,37,0
PPXH30069B,38,0
PPXH30069B,39,1
PPXH30069B,40,1
PPXH30069B,41,1
PPXH30069B,42,2
PPXH30069B,43,2
PPXH30069B,44,1
PPXH30069B,45,1
PPXH30069B,46,0
PPXJ10001A,L,7
PPXJ10001A,M,4
PPXJ10001A,S,1
PPXJ10001A,XL,0
PPXJ10001A,XXL,1
PPXJ10001B,L,0
PPXJ10001B,M,0
PPXJ10001B,S,0
PPXJ10001B,XL,0
PPXJ10001B,XXL,0
PPXJ10001C,L,4
PPXJ10001C,M,1
PPXJ10001C,S,0
PPXJ10001C,XL,5
PPXJ10001C,XXL,0
PPXJ10001D,L,4
PPXJ10001D,M,8
PPXJ10001D,S,0
PPXJ10001D,XL,3
PPXJ10001D,XXL,0
PPXJ10001E,L,0
PPXJ10001E,M,0
PPXJ10001E,S,0
PPXJ10001E,XL,0
PPXJ10001E,XXL,0
PPXJ10002A,L,10
PPXJ10002A,M,8
PPXJ10002A,S,0
PPXJ10002A,XL,0
PPXJ10002A,XXL,0
PPXJ10002B,L,2
PPXJ10002B,M,0
PPXJ10002B,S,1
PPXJ10002B,XL,0
PPXJ10002B,XXL,0
PPXJ10002C,L,0
PPXJ10002C,M,0
PPXJ10002C,S,0
PPXJ10002C,XL,0
PPXJ10002C,XXL,0
PPXJ10002D,L,0
PPXJ10002D,M,4
PPXJ10002D,S,0
PPXJ10002D,XL,0
PPXJ10002D,XXL,0
PPXJ10002E,L,3
PPXJ10002E,M,4
PPXJ10002E,S,0
PPXJ10002E,XL,1
PPXJ10002E,XXL,0
PPXJ10003A,L,1
PPXJ10003A,M,1
PPXJ10003A,S,1
PPXJ10003A,XL,2
PPXJ10003A,XXL,0
PPXJ10003B,L,1
PPXJ10003B,M,3
PPXJ10003B,S,0
PPXJ10003B,XL,1
PPXJ10003B,XXL,1
PPXJ10003D,L,8
PPXJ10003D,M,16
PPXJ10003D,S,1
PPXJ10003D,XL,1
PPXJ10003D,XXL,1
PPXJ10003E,L,20
PPXJ10003E,M,20
PPXJ10003E,S,8
PPXJ10003E,XL,20
PPXJ10003E,XXL,9
PPXJ10003F,L,20
PPXJ10003F,M,17
PPXJ10003F,S,6
PPXJ10003F,XL,20
PPXJ10003F,XXL,9
PPXJ10003G,L,20
PPXJ10003G,M,20
PPXJ10003G,S,9
PPXJ10003G,XL,20
PPXJ10003G,XXL,7
PPXJ10004A,L,1
PPXJ10004A,M,0
PPXJ10004A,S,0
PPXJ10004A,XL,2
PPXJ10004A,XXL,0
PPXJ10004B,L,10
PPXJ10004B,M,6
PPXJ10004B,S,1
PPXJ10004B,XL,6
PPXJ10004B,XXL,3
PPXJ10004D,L,4
PPXJ10004D,M,3
PPXJ10004D,S,0
PPXJ10004D,XL,4
PPXJ10004D,XXL,2
PPXJ10005B,L,20
PPXJ10005B,M,20
PPXJ10005B,S,14
PPXJ10005B,XL,1
PPXJ10005B,XXL,3
PPXJ10005D,L,20
PPXJ10005D,M,20
PPXJ10005D,S,12
PPXJ10005D,XL,2
PPXJ10005D,XXL,2
PPXJ10005E,L,7
PPXJ10005E,M,12
PPXJ10005E,S,0
PPXJ10005E,XL,6
PPXJ10005E,XXL,0
PPXJ10005F,L,20
PPXJ10005F,M,20
PPXJ10005F,S,14
PPXJ10005F,XL,16
PPXJ10005F,XXL,0
PPXJ10005G,L,2
PPXJ10005G,M,0
PPXJ10005G,S,2
PPXJ10005G,XL,3
PPXJ10005G,XXL,1
PPXJ10006A,L,20
PPXJ10006A,M,20
PPXJ10006A,S,20
PPXJ10006A,XL,12
PPXJ10006A,XXL,0
PPXJ10006B,L,20
PPXJ10006B,M,20
PPXJ10006B,S,10
PPXJ10006B,XL,20
PPXJ10006B,XXL,2
PPXJ10006D,L,20
PPXJ10006D,M,20
PPXJ10006D,S,13
PPXJ10006D,XL,20
PPXJ10006D,XXL,3
PPXJ10006E,L,0
PPXJ10006E,M,2
PPXJ10006E,S,3
PPXJ10006E,XL,4
PPXJ10006E,XXL,0
PPXJ10006F,L,20
PPXJ10006F,M,20
PPXJ10006F,S,12
PPXJ10006F,XL,20
PPXJ10006F,XXL,8
PPXJ10008A,L,7
PPXJ10008A,M,1
PPXJ10008A,S,1
PPXJ10008A,XL,0
PPXJ10008A,XXL,0
PPXJ10008B,L,0
PPXJ10008B,M,2
PPXJ10008B,S,0
PPXJ10008B,XL,1
PPXJ10008B,XXL,0
PPXJ10008C,L,2
PPXJ10008C,M,1
PPXJ10008C,S,1
PPXJ10008C,XL,1
PPXJ10008C,XXL,1
PPXJ10008D,L,20
PPXJ10008D,M,20
PPXJ10008D,S,1
PPXJ10008D,XL,4
PPXJ10008D,XXL,0
PPXJ10008E,L,20
PPXJ10008E,M,20
PPXJ10008E,S,0
PPXJ10008E,XL,12
PPXJ10008E,XXL,0
PPXJ10008F,L,20
PPXJ10008F,M,20
PPXJ10008F,S,20
PPXJ10008F,XL,20
PPXJ10008F,XXL,0
PPXJ10008G,L,11
PPXJ10008G,M,20
PPXJ10008G,S,9
PPXJ10008G,XL,16
PPXJ10008G,XXL,9
PPXJ10009A,L,20
PPXJ10009A,M,20
PPXJ10009A,S,11
PPXJ10009A,XL,16
PPXJ10009A,XXL,2
PPXJ10009B,L,8
PPXJ10009B,M,8
PPXJ10009B,S,1
PPXJ10009B,XL,7
PPXJ10009B,XXL,3
PPXJ10009C,L,20
PPXJ10009C,M,20
PPXJ10009C,S,20
PPXJ10009C,XL,3
PPXJ10009C,XXL,5
PPXJ10009D,L,0
PPXJ10009D,M,0
PPXJ10009D,S,0
PPXJ10009D,XL,0
PPXJ10009D,XXL,0
PPXJ10009E,L,20
PPXJ10009E,M,19
PPXJ10009E,S,1
PPXJ10009E,XL,9
PPXJ10009E,XXL,1
PPXJ10013A,L,20
PPXJ10013A,M,20
PPXJ10013A,S,17
PPXJ10013A,XL,15
PPXJ10013A,XXL,4
PPXJ10013D,L,20
PPXJ10013D,M,20
PPXJ10013D,S,18
PPXJ10013D,XL,20
PPXJ10013D,XXL,8
PPXJ10014A,L,20
PPXJ10014A,M,20
PPXJ10014A,S,7
PPXJ10014A,XL,15
PPXJ10014A,XXL,3
PPXJ10014B,L,20
PPXJ10014B,M,20
PPXJ10014B,S,7
PPXJ10014B,XL,4
PPXJ10014B,XXL,3
PPXJ10016A,L,20
PPXJ10016A,M,20
PPXJ10016A,S,16
PPXJ10016A,XL,20
PPXJ10016A,XXL,9
PPXJ10016B,L,20
PPXJ10016B,M,11
PPXJ10016B,S,4
PPXJ10016B,XL,11
PPXJ10016B,XXL,6
PPXJ10016C,L,20
PPXJ10016C,M,20
PPXJ10016C,S,8
PPXJ10016C,XL,20
PPXJ10016C,XXL,8
PPXJ10016D,L,20
PPXJ10016D,M,20
PPXJ10016D,S,20
PPXJ10016D,XL,20
PPXJ10016D,XXL,7
PPXJ10017A,L,20
PPXJ10017A,M,20
PPXJ10017A,S,14
PPXJ10017A,XL,6
PPXJ10017A,XXL,1
PPXJ10017B,L,20
PPXJ10017B,M,20
PPXJ10017B,S,10
PPXJ10017B,XL,9
PPXJ10017B,XXL,1
PPXJ10020A,L,20
PPXJ10020A,M,20
PPXJ10020A,S,17
PPXJ10020A,XL,15
PPXJ10020A,XXL,1
PPXJ10020B,L,20
PPXJ10020B,M,20
PPXJ10020B,S,0
PPXJ10020B,XL,13
PPXJ10020B,XXL,0
PPXJ10020D,L,20
PPXJ10020D,M,20
PPXJ10020D,S,8
PPXJ10020D,XL,20
PPXJ10020D,XXL,7
PPXJ10020F,L,20
PPXJ10020F,M,20
PPXJ10020F,S,8
PPXJ10020F,XL,10
PPXJ10020F,XXL,1
PPXJ10021A,L,20
PPXJ10021A,M,6
PPXJ10021A,S,0
PPXJ10021A,XL,2
PPXJ10021A,XXL,0
PPXJ10021B,L,19
PPXJ10021B,M,12
PPXJ10021B,S,1
PPXJ10021B,XL,0
PPXJ10021B,XXL,1
PPXJ10021C,L,20
PPXJ10021C,M,20
PPXJ10021C,S,0
PPXJ10021C,XL,20
PPXJ10021C,XXL,20
PPXJ10021D,L,20
PPXJ10021D,M,20
PPXJ10021D,S,0
PPXJ10021D,XL,20
PPXJ10021D,XXL,1
PPXJ30001A,L,0
PPXJ30001A,M,0
PPXJ30001A,S,0
PPXJ30001A,XL,3
PPXJ30001A,XXL,2
PPXJ30001B,L,19
PPXJ30001B,M,15
PPXJ30001B,S,4
PPXJ30001B,XL,14
PPXJ30001B,XXL,2
PPXJ30001C,L,1
PPXJ30001C,M,8
PPXJ30001C,S,1
PPXJ30001C,XL,4
PPXJ30001C,XXL,0
PPXJ30001D,L,3
PPXJ30001D,M,2
PPXJ30001D,S,0
PPXJ30001D,XL,1
PPXJ30001D,XXL,0
PPXJ30001E,L,17
PPXJ30001E,M,15
PPXJ30001E,S,7
PPXJ30001E,XL,12
PPXJ30001E,XXL,4
PPXJ30002A,L,2
PPXJ30002A,M,2
PPXJ30002A,S,0
PPXJ30002A,XL,0
PPXJ30002A,XXL,0
PPXJ30002B,L,6
PPXJ30002B,M,12
PPXJ30002B,S,0
PPXJ30002B,XL,6
PPXJ30002B,XXL,4
PPXJ30002C,L,3
PPXJ30002C,M,2
PPXJ30002C,S,11
PPXJ30002C,XL,4
PPXJ30002C,XXL,2
PPXJ30002D,L,20
PPXJ30002D,M,20
PPXJ30002D,S,17
PPXJ30002D,XL,20
PPXJ30002D,XXL,19
PPXJ30002E,L,20
PPXJ30002E,M,20
PPXJ30002E,S,20
PPXJ30002E,XL,20
PPXJ30002E,XXL,12
PPXJ30003A,L,0
PPXJ30003A,M,5
PPXJ30003A,S,0
PPXJ30003A,XL,0
PPXJ30003A,XXL,0
PPXJ30003B,L,6
PPXJ30003B,M,7
PPXJ30003B,S,4
PPXJ30003B,XL,4
PPXJ30003B,XXL,6
PPXJ30003C,L,0
PPXJ30003C,M,6
PPXJ30003C,S,2
PPXJ30003C,XL,2
PPXJ30003C,XXL,0
PPXJ30003D,L,20
PPXJ30003D,M,20
PPXJ30003D,S,12
PPXJ30003D,XL,20
PPXJ30003D,XXL,13
PPXJ30003E,L,20
PPXJ30003E,M,20
PPXJ30003E,S,19
PPXJ30003E,XL,20
PPXJ30003E,XXL,9
PPXJ30006A,L,0
PPXJ30006A,M,0
PPXJ30006A,S,0
PPXJ30006A,XL,0
PPXJ30006A,XXL,0
PPXJ30006B,L,1
PPXJ30006B,M,0
PPXJ30006B,S,0
PPXJ30006B,XL,1
PPXJ30006B,XXL,1
PPXJ30006D,L,4
PPXJ30006D,M,1
PPXJ30006D,S,0
PPXJ30006D,XL,0
PPXJ30006D,XXL,1
PPXJ30007D,L,3
PPXJ30007D,M,6
PPXJ30007D,S,4
PPXJ30007D,XL,2
PPXJ30007D,XXL,0
PPXJ30007F,L,14
PPXJ30007F,M,12
PPXJ30007F,S,3
PPXJ30007F,XL,7
PPXJ30007F,XXL,0
PPXJ30008A,L,6
PPXJ30008A,M,4
PPXJ30008A,S,0
PPXJ30008A,XL,6
PPXJ30008A,XXL,2
PPXJ30008C,L,0
PPXJ30008C,M,5
PPXJ30008C,S,2
PPXJ30008C,XL,0
PPXJ30008C,XXL,0
PPXJ30008D,L,4
PPXJ30008D,M,6
PPXJ30008D,S,0
PPXJ30008D,XL,3
PPXJ30008D,XXL,0
PPXJ30008E,L,4
PPXJ30008E,M,3
PPXJ30008E,S,0
PPXJ30008E,XL,3
PPXJ30008E,XXL,0
PPXJ30008F,L,7
PPXJ30008F,M,5
PPXJ30008F,S,2
PPXJ30008F,XL,3
PPXJ30008F,XXL,1
PPXJ30009D,L,3
PPXJ30009D,M,7
PPXJ30009D,S,3
PPXJ30009D,XL,2
PPXJ30009D,XXL,1
PPXJ30009F,L,5
PPXJ30009F,M,3
PPXJ30009F,S,1
PPXJ30009F,XL,0
PPXJ30009F,XXL,0
PPXJ30010A,L,10
PPXJ30010A,M,8
PPXJ30010A,S,0
PPXJ30010A,XL,4
PPXJ30010A,XXL,1
PPXJ30010C,L,2
PPXJ30010C,M,4
PPXJ30010C,S,1
PPXJ30010C,XL,1
PPXJ30010C,XXL,1
PPXJ30010D,L,6
PPXJ30010D,M,0
PPXJ30010D,S,0
PPXJ30010D,XL,3
PPXJ30010D,XXL,0
PPXJ30010E,L,4
PPXJ30010E,M,0
PPXJ30010E,S,3
PPXJ30010E,XL,0
PPXJ30010E,XXL,2
PPXJ30010F,L,8
PPXJ30010F,M,2
PPXJ30010F,S,0
PPXJ30010F,XL,2
PPXJ30010F,XXL,2
PPXJ30011A,L,15
PPXJ30011A,M,13
PPXJ30011A,S,3
PPXJ30011A,XL,11
PPXJ30011A,XXL,3
PPXJ30011C,L,10
PPXJ30011C,M,7
PPXJ30011C,S,3
PPXJ30011C,XL,5
PPXJ30011C,XXL,2
PPXJ30011E,L,12
PPXJ30011E,M,6
PPXJ30011E,S,3
PPXJ30011E,XL,2
PPXJ30011E,XXL,1
PPXJ30011F,L,3
PPXJ30011F,M,3
PPXJ30011F,S,0
PPXJ30011F,XL,3
PPXJ30011F,XXL,1
PPXJ30012A,L,17
PPXJ30012A,M,11
PPXJ30012A,S,1
PPXJ30012A,XL,9
PPXJ30012A,XXL,2
PPXJ30012C,L,4
PPXJ30012C,M,6
PPXJ30012C,S,2
PPXJ30012C,XL,6
PPXJ30012C,XXL,1
PPXJ30012D,L,5
PPXJ30012D,M,7
PPXJ30012D,S,3
PPXJ30012D,XL,5
PPXJ30012D,XXL,2
PPXJ30012E,L,17
PPXJ30012E,M,14
PPXJ30012E,S,6
PPXJ30012E,XL,1
PPXJ30012E,XXL,0
PPXJ30012F,L,11
PPXJ30012F,M,18
PPXJ30012F,S,1
PPXJ30012F,XL,5
PPXJ30012F,XXL,3
PPXJ30013A,L,12
PPXJ30013A,M,13
PPXJ30013A,S,5
PPXJ30013A,XL,8
PPXJ30013A,XXL,1
PPXJ30013C,L,6
PPXJ30013C,M,8
PPXJ30013C,S,3
PPXJ30013C,XL,6
PPXJ30013C,XXL,2
PPXJ30013E,L,16
PPXJ30013E,M,10
PPXJ30013E,S,7
PPXJ30013E,XL,13
PPXJ30013E,XXL,4
PPXJ30013F,L,5
PPXJ30013F,M,3
PPXJ30013F,S,1
PPXJ30013F,XL,2
PPXJ30013F,XXL,2
PPXJ30014A,L,3
PPXJ30014A,M,0
PPXJ30014A,S,0
PPXJ30014A,XL,0
PPXJ30014A,XXL,0
PPXJ30015A,L,0
PPXJ30015A,M,0
PPXJ30015A,S,0
PPXJ30015A,XL,0
PPXJ30015A,XXL,0
PPXJ30015B,L,19
PPXJ30015B,M,9
PPXJ30015B,S,2
PPXJ30015B,XL,9
PPXJ30015B,XXL,2
PPXJ30016A,L,4
PPXJ30016A,M,4
PPXJ30016A,S,1
PPXJ30016A,XL,2
PPXJ30016A,XXL,1
PPXJ30016B,L,13
PPXJ30016B,M,9
PPXJ30016B,S,3
PPXJ30016B,XL,5
PPXJ30016B,XXL,0
PPXJ30017A,L,2
PPXJ30017A,M,1
PPXJ30017A,S,0
PPXJ30017A,XL,0
PPXJ30017A,XXL,0
PPXJ30018A,L,12
PPXJ30018A,M,7
PPXJ30018A,S,4
PPXJ30018A,XL,9
PPXJ30018A,XXL,2
PPXJ30018C,L,3
PPXJ30018C,M,0
PPXJ30018C,S,2
PPXJ30018C,XL,6
PPXJ30018C,XXL,1
PPXJ30018D,L,2
PPXJ30018D,M,2
PPXJ30018D,S,2
PPXJ30018D,XL,5
PPXJ30018D,XXL,1
PPXJ30018E,L,7
PPXJ30018E,M,4
PPXJ30018E,S,0
PPXJ30018E,XL,3
PPXJ30018E,XXL,0
PPXJ30018F,L,7
PPXJ30018F,M,7
PPXJ30018F,S,3
PPXJ30018F,XL,6
PPXJ30018F,XXL,4
PPXJ30018G,L,11
PPXJ30018G,M,7
PPXJ30018G,S,0
PPXJ30018G,XL,5
PPXJ30018G,XXL,1
PPXJ30018H,L,4
PPXJ30018H,M,13
PPXJ30018H,S,1
PPXJ30018H,XL,4
PPXJ30018H,XXL,2
PPXJ30019A,L,4
PPXJ30019A,M,2
PPXJ30019A,S,0
PPXJ30019A,XL,0
PPXJ30019A,XXL,0
PPXJ30019C,L,2
PPXJ30019C,M,3
PPXJ30019C,S,3
PPXJ30019C,XL,0
PPXJ30019C,XXL,0
PPXJ30019D,L,0
PPXJ30019D,M,0
PPXJ30019D,S,0
PPXJ30019D,XL,0
PPXJ30019D,XXL,0
PPXJ30019E,L,0
PPXJ30019E,M,0
PPXJ30019E,S,1
PPXJ30019E,XL,3
PPXJ30019E,XXL,0
PPXJ30020A,L,6
PPXJ30020A,M,6
PPXJ30020A,S,3
PPXJ30020A,XL,5
PPXJ30020A,XXL,1
PPXJ30020B,L,12
PPXJ30020B,M,5
PPXJ30020B,S,2
PPXJ30020B,XL,5
PPXJ30020B,XXL,0
PPXJ30020C,L,4
PPXJ30020C,M,7
PPXJ30020C,S,0
PPXJ30020C,XL,3
PPXJ30020C,XXL,1
PPXJ30022B,L,14
PPXJ30022B,M,10
PPXJ30022B,S,3
PPXJ30022B,XL,4
PPXJ30022B,XXL,0
PPXJ30022C,L,8
PPXJ30022C,M,6
PPXJ30022C,S,0
PPXJ30022C,XL,5
PPXJ30022C,XXL,0
PPXJ30022D,L,12
PPXJ30022D,M,13
PPXJ30022D,S,2
PPXJ30022D,XL,8
PPXJ30022D,XXL,3
PPXJ30022E,L,6
PPXJ30022E,M,5
PPXJ30022E,S,0
PPXJ30022E,XL,1
PPXJ30022E,XXL,0
PPXJ30023A,L,20
PPXJ30023A,M,20
PPXJ30023A,S,6
PPXJ30023A,XL,8
PPXJ30023A,XXL,3
PPXJ30023B,L,15
PPXJ30023B,M,14
PPXJ30023B,S,4
PPXJ30023B,XL,11
PPXJ30023B,XXL,5
PPXJ30023C,L,8
PPXJ30023C,M,8
PPXJ30023C,S,2
PPXJ30023C,XL,5
PPXJ30023C,XXL,0
PPXJ30023D,L,20
PPXJ30023D,M,20
PPXJ30023D,S,3
PPXJ30023D,XL,13
PPXJ30023D,XXL,7
PPXJ30023E,L,13
PPXJ30023E,M,4
PPXJ30023E,S,0
PPXJ30023E,XL,11
PPXJ30023E,XXL,1
PPXJ30024C,L,13
PPXJ30024C,M,20
PPXJ30024C,S,20
PPXJ30024C,XL,0
PPXJ30024C,XXL,0
PPXJ30024D,L,0
PPXJ30024D,M,2
PPXJ30024D,S,1
PPXJ30024D,XL,0
PPXJ30024D,XXL,0
PPXJ30024E,L,0
PPXJ30024E,M,0
PPXJ30024E,S,0
PPXJ30024E,XL,0
PPXJ30024E,XXL,0
PPXJ30024F,L,9
PPXJ30024F,M,7
PPXJ30024F,S,0
PPXJ30024F,XL,0
PPXJ30024F,XXL,0
PPXJ30025C,L,20
PPXJ30025C,M,20
PPXJ30025C,S,20
PPXJ30025C,XL,0
PPXJ30025C,XXL,0
PPXJ30025F,L,20
PPXJ30025F,M,20
PPXJ30025F,S,5
PPXJ30025F,XL,8
PPXJ30025F,XXL,4
PPXJ30026A,L,20
PPXJ30026A,M,20
PPXJ30026A,S,20
PPXJ30026A,XL,20
PPXJ30026A,XXL,19
PPXJ30026B,L,20
PPXJ30026B,M,20
PPXJ30026B,S,20
PPXJ30026B,XL,13
PPXJ30026B,XXL,0
PPXJ30026E,L,20
PPXJ30026E,M,20
PPXJ30026E,S,4
PPXJ30026E,XL,20
PPXJ30026E,XXL,4
PPXJ30026F,L,10
PPXJ30026F,M,6
PPXJ30026F,S,2
PPXJ30026F,XL,9
PPXJ30026F,XXL,2
PPXJ30026G,L,20
PPXJ30026G,M,20
PPXJ30026G,S,20
PPXJ30026G,XL,20
PPXJ30026G,XXL,15
PPXJ30027A,L,19
PPXJ30027A,M,14
PPXJ30027A,S,8
PPXJ30027A,XL,13
PPXJ30027A,XXL,8
PPXJ30027B,L,20
PPXJ30027B,M,20
PPXJ30027B,S,20
PPXJ30027B,XL,0
PPXJ30027B,XXL,0
PPXJ30027C,L,14
PPXJ30027C,M,10
PPXJ30027C,S,4
PPXJ30027C,XL,12
PPXJ30027C,XXL,4
PPXJ30027D,L,2
PPXJ30027D,M,4
PPXJ30027D,S,2
PPXJ30027D,XL,2
PPXJ30027D,XXL,1
PPXJ30027E,L,17
PPXJ30027E,M,17
PPXJ30027E,S,6
PPXJ30027E,XL,12
PPXJ30027E,XXL,4
PPXJ30027F,L,12
PPXJ30027F,M,20
PPXJ30027F,S,16
PPXJ30027F,XL,8
PPXJ30027F,XXL,3
PPXJ30027G,L,10
PPXJ30027G,M,12
PPXJ30027G,S,0
PPXJ30027G,XL,5
PPXJ30027G,XXL,4
PPXJ30028A,L,17
PPXJ30028A,M,20
PPXJ30028A,S,8
PPXJ30028A,XL,12
PPXJ30028A,XXL,0
PPXJ30028B,L,0
PPXJ30028B,M,0
PPXJ30028B,S,0
PPXJ30028B,XL,0
PPXJ30028B,XXL,0
PPXJ30028D,L,20
PPXJ30028D,M,20
PPXJ30028D,S,20
PPXJ30028D,XL,0
PPXJ30028D,XXL,0
PPXJ30028E,L,1
PPXJ30028E,M,2
PPXJ30028E,S,5
PPXJ30028E,XL,1
PPXJ30028E,XXL,0
PPXJ30028F,L,0
PPXJ30028F,M,2
PPXJ30028F,S,0
PPXJ30028F,XL,7
PPXJ30028F,XXL,0
PPXJ30028G,L,0
PPXJ30028G,M,0
PPXJ30028G,S,0
PPXJ30028G,XL,0
PPXJ30028G,XXL,0
PPXJ30028H,L,6
PPXJ30028H,M,17
PPXJ30028H,S,1
PPXJ30028H,XL,7
PPXJ30028H,XXL,4
PPXJ30028I,L,13
PPXJ30028I,M,20
PPXJ30028I,S,20
PPXJ30028I,XL,0
PPXJ30028I,XXL,0
PPXJ30028J,L,0
PPXJ30028J,M,0
PPXJ30028J,S,0
PPXJ30028J,XL,0
PPXJ30028J,XXL,0
PPXJ30029A,L,20
PPXJ30029A,M,20
PPXJ30029A,S,20
PPXJ30029A,XL,20
PPXJ30029A,XXL,0
PPXJ30029B,L,20
PPXJ30029B,M,20
PPXJ30029B,S,20
PPXJ30029B,XL,20
PPXJ30029B,XXL,20
PPXJ30029C,L,0
PPXJ30029C,M,2
PPXJ30029C,S,0
PPXJ30029C,XL,0
PPXJ30029C,XXL,0
PPXJ30029D,L,0
PPXJ30029D,M,0
PPXJ30029D,S,0
PPXJ30029D,XL,0
PPXJ30029D,XXL,0
PPXJ30029E,L,20
PPXJ30029E,M,20
PPXJ30029E,S,15
PPXJ30029E,XL,20
PPXJ30029E,XXL,12
PPXJ30029F,L,0
PPXJ30029F,M,0
PPXJ30029F,S,0
PPXJ30029F,XL,2
PPXJ30029F,XXL,1
PPXJ30029G,L,20
PPXJ30029G,M,20
PPXJ30029G,S,20
PPXJ30029G,XL,20
PPXJ30029G,XXL,11
PPXJ30030A,L,20
PPXJ30030A,M,20
PPXJ30030A,S,20
PPXJ30030A,XL,20
PPXJ30030A,XXL,16
PPXJ30030B,L,5
PPXJ30030B,M,3
PPXJ30030B,S,2
PPXJ30030B,XL,6
PPXJ30030B,XXL,1
PPXJ30030D,L,20
PPXJ30030D,M,20
PPXJ30030D,S,20
PPXJ30030D,XL,17
PPXJ30030D,XXL,2
PPXJ30030F,L,0
PPXJ30030F,M,0
PPXJ30030F,S,0
PPXJ30030F,XL,0
PPXJ30030F,XXL,0
PPXJ30030G,L,0
PPXJ30030G,M,6
PPXJ30030G,S,0
PPXJ30030G,XL,2
PPXJ30030G,XXL,0
PPXJ30030I,L,8
PPXJ30030I,M,20
PPXJ30030I,S,16
PPXJ30030I,XL,0
PPXJ30030I,XXL,2
PPXJ30031A,L,20
PPXJ30031A,M,20
PPXJ30031A,S,20
PPXJ30031A,XL,20
PPXJ30031A,XXL,10
PPXJ30031E,L,9
PPXJ30031E,M,11
PPXJ30031E,S,2
PPXJ30031E,XL,6
PPXJ30031E,XXL,2
PPXJ30031F,L,6
PPXJ30031F,M,5
PPXJ30031F,S,2
PPXJ30031F,XL,1
PPXJ30031F,XXL,1
PPXJ30031G,L,20
PPXJ30031G,M,20
PPXJ30031G,S,10
PPXJ30031G,XL,11
PPXJ30031G,XXL,8
PPXJ30034A,L,20
PPXJ30034A,M,20
PPXJ30034A,S,4
PPXJ30034A,XL,20
PPXJ30034A,XXL,7
PPXJ30034B,L,20
PPXJ30034B,M,20
PPXJ30034B,S,11
PPXJ30034B,XL,20
PPXJ30034B,XXL,14
PPXJ30035A,L,11
PPXJ30035A,M,10
PPXJ30035A,S,4
PPXJ30035A,XL,9
PPXJ30035A,XXL,4
PPXJ30035B,L,0
PPXJ30035B,M,0
PPXJ30035B,S,2
PPXJ30035B,XL,0
PPXJ30035B,XXL,0
PPXJ30036A,L,7
PPXJ30036A,M,6
PPXJ30036A,S,1
PPXJ30036A,XL,7
PPXJ30036A,XXL,0
PPXJ30036B,L,0
PPXJ30036B,M,0
PPXJ30036B,S,0
PPXJ30036B,XL,0
PPXJ30036B,XXL,0
PPXJ30036C,L,20
PPXJ30036C,M,20
PPXJ30036C,S,0
PPXJ30036C,XL,13
PPXJ30036C,XXL,0
PPXJ30036D,L,0
PPXJ30036D,M,0
PPXJ30036D,S,0
PPXJ30036D,XL,0
PPXJ30036D,XXL,0
PPXJ30037D,L,5
PPXJ30037D,M,5
PPXJ30037D,S,0
PPXJ30037D,XL,2
PPXJ30037D,XXL,0
PPXJ30037E,L,0
PPXJ30037E,M,0
PPXJ30037E,S,0
PPXJ30037E,XL,0
PPXJ30037E,XXL,0
PPXJ30038A,L,7
PPXJ30038A,M,2
PPXJ30038A,S,1
PPXJ30038A,XL,5
PPXJ30038A,XXL,1
PPXJ30038C,L,5
PPXJ30038C,M,3
PPXJ30038C,S,0
PPXJ30038C,XL,2
PPXJ30038C,XXL,0
PPXJ30038D,L,7
PPXJ30038D,M,7
PPXJ30038D,S,0
PPXJ30038D,XL,5
PPXJ30038D,XXL,1
PPXJ30038E,L,7
PPXJ30038E,M,8
PPXJ30038E,S,0
PPXJ30038E,XL,3
PPXJ30038E,XXL,0
PPXJ30039E,L,0
PPXJ30039E,M,0
PPXJ30039E,S,0
PPXJ30039E,XL,0
PPXJ30039E,XXL,0
PPXJ30040C,L,4
PPXJ30040C,M,4
PPXJ30040C,S,0
PPXJ30040C,XL,2
PPXJ30040C,XXL,0
PPXJ30041A,L,20
PPXJ30041A,M,20
PPXJ30041A,S,9
PPXJ30041A,XL,20
PPXJ30041A,XXL,9
PPXJ30041B,L,12
PPXJ30041B,M,9
PPXJ30041B,S,0
PPXJ30041B,XL,0
PPXJ30041B,XXL,2
PPXJ30041C,L,6
PPXJ30041C,M,2
PPXJ30041C,S,0
PPXJ30041C,XL,0
PPXJ30041C,XXL,0
PPXJ30041D,L,0
PPXJ30041D,M,9
PPXJ30041D,S,1
PPXJ30041D,XL,0
PPXJ30041D,XXL,0
PPXJ30041E,L,20
PPXJ30041E,M,20
PPXJ30041E,S,16
PPXJ30041E,XL,20
PPXJ30041E,XXL,15
PPXJ30041F,L,1
PPXJ30041F,M,0
PPXJ30041F,S,0
PPXJ30041F,XL,2
PPXJ30041F,XXL,1
PPXJ30041G,L,20
PPXJ30041G,M,20
PPXJ30041G,S,1
PPXJ30041G,XL,18
PPXJ30041G,XXL,9
PPXJ30042A,L,1
PPXJ30042A,M,1
PPXJ30042A,S,1
PPXJ30042A,XL,2
PPXJ30042A,XXL,0
PPXJ30042B,L,0
PPXJ30042B,M,0
PPXJ30042B,S,0
PPXJ30042B,XL,0
PPXJ30042B,XXL,0
PPXJ30045A,L,1
PPXJ30045A,M,3
PPXJ30045A,S,2
PPXJ30045A,XL,4
PPXJ30045A,XXL,1
PPXJ30046A,L,0
PPXJ30046A,M,0
PPXJ30046A,S,1
PPXJ30046A,XL,1
PPXJ30046A,XXL,1
PPXJ30046B,L,0
PPXJ30046B,M,0
PPXJ30046B,S,1
PPXJ30046B,XL,2
PPXJ30046B,XXL,0
PPXJ30046C,L,5
PPXJ30046C,M,7
PPXJ30046C,S,4
PPXJ30046C,XL,1
PPXJ30046C,XXL,1
PPXJ30046D,L,9
PPXJ30046D,M,10
PPXJ30046D,S,5
PPXJ30046D,XL,7
PPXJ30046D,XXL,3
PPXJ30047B,L,2
PPXJ30047B,M,7
PPXJ30047B,S,1
PPXJ30047B,XL,2
PPXJ30047B,XXL,1
PPXJ30047F,L,16
PPXJ30047F,M,16
PPXJ30047F,S,7
PPXJ30047F,XL,11
PPXJ30047F,XXL,5
PPXJ30048B,L,0
PPXJ30048B,M,1
PPXJ30048B,S,1
PPXJ30048B,XL,0
PPXJ30048B,XXL,2
PPXJ30048D,L,0
PPXJ30048D,M,0
PPXJ30048D,S,5
PPXJ30048D,XL,8
PPXJ30048D,XXL,2
PPXJ30048E,L,12
PPXJ30048E,M,12
PPXJ30048E,S,5
PPXJ30048E,XL,7
PPXJ30048E,XXL,5
PPXJ30050A,L,0
PPXJ30050A,M,0
PPXJ30050A,S,3
PPXJ30050A,XL,0
PPXJ30050A,XXL,0
PPXJ30050B,L,0
PPXJ30050B,M,0
PPXJ30050B,S,1
PPXJ30050B,XL,3
PPXJ30050B,XXL,1
PPXJ30051A,L,2
PPXJ30051A,M,4
PPXJ30051A,S,1
PPXJ30051A,XL,1
PPXJ30051A,XXL,1
PPXJ30052A,L,8
PPXJ30052A,M,4
PPXJ30052A,S,0
PPXJ30052A,XL,0
PPXJ30052A,XXL,0
PPXJ30052B,L,20
PPXJ30052B,M,20
PPXJ30052B,S,3
PPXJ30052B,XL,20
PPXJ30052B,XXL,8
PPXJ30052C,L,20
PPXJ30052C,M,19
PPXJ30052C,S,6
PPXJ30052C,XL,17
PPXJ30052C,XXL,5
PPXJ30052D,L,5
PPXJ30052D,M,3
PPXJ30052D,S,2
PPXJ30052D,XL,4
PPXJ30052D,XXL,2
PPXJ30053A,L,8
PPXJ30053A,M,8
PPXJ30053A,S,0
PPXJ30053A,XL,5
PPXJ30053A,XXL,0
PPXJ30053B,L,20
PPXJ30053B,M,20
PPXJ30053B,S,7
PPXJ30053B,XL,20
PPXJ30053B,XXL,6
PPXJ30053C,L,5
PPXJ30053C,M,0
PPXJ30053C,S,0
PPXJ30053C,XL,1
PPXJ30053C,XXL,0
PPXJ30054A,L,2
PPXJ30054A,M,3
PPXJ30054A,S,0
PPXJ30054A,XL,1
PPXJ30054A,XXL,0
PPXJ30054B,L,10
PPXJ30054B,M,3
PPXJ30054B,S,2
PPXJ30054B,XL,4
PPXJ30054B,XXL,1
PPXJ30054C,L,9
PPXJ30054C,M,9
PPXJ30054C,S,3
PPXJ30054C,XL,6
PPXJ30054C,XXL,1
PPXJ30054D,L,15
PPXJ30054D,M,7
PPXJ30054D,S,1
PPXJ30054D,XL,2
PPXJ30054D,XXL,1
PPXJ30055B,L,6
PPXJ30055B,M,8
PPXJ30055B,S,3
PPXJ30055B,XL,5
PPXJ30055B,XXL,0
PPXJ30055C,L,4
PPXJ30055C,M,8
PPXJ30055C,S,3
PPXJ30055C,XL,3
PPXJ30055C,XXL,0
PPXJ30057A,L,3
PPXJ30057A,M,3
PPXJ30057A,S,1
PPXJ30057A,XL,5
PPXJ30057A,XXL,0
PPXJ30057B,L,1
PPXJ30057B,M,1
PPXJ30057B,S,1
PPXJ30057B,XL,4
PPXJ30057B,XXL,1
PPXJ30057C,L,3
PPXJ30057C,M,3
PPXJ30057C,S,1
PPXJ30057C,XL,2
PPXJ30057C,XXL,1
PPXJ30057D,L,2
PPXJ30057D,M,2
PPXJ30057D,S,0
PPXJ30057D,XL,2
PPXJ30057D,XXL,1
PPXJ30057E,L,1
PPXJ30057E,M,2
PPXJ30057E,S,0
PPXJ30057E,XL,0
PPXJ30057E,XXL,2
PPXJ30057F,L,2
PPXJ30057F,M,3
PPXJ30057F,S,1
PPXJ30057F,XL,0
PPXJ30057F,XXL,0
PPXJ30058A,L,12
PPXJ30058A,M,20
PPXJ30058A,S,4
PPXJ30058A,XL,5
PPXJ30058A,XXL,2
PPXJ30058B,L,3
PPXJ30058B,M,3
PPXJ30058B,S,1
PPXJ30058B,XL,3
PPXJ30058B,XXL,0
PPXJ30058C,L,1
PPXJ30058C,M,0
PPXJ30058C,S,4
PPXJ30058C,XL,0
PPXJ30058C,XXL,0
PPXJ30058D,L,9
PPXJ30058D,M,8
PPXJ30058D,S,2
PPXJ30058D,XL,10
PPXJ30058D,XXL,2
PPXJ30058E,L,4
PPXJ30058E,M,5
PPXJ30058E,S,1
PPXJ30058E,XL,0
PPXJ30058E,XXL,1
PPXJ30058F,L,20
PPXJ30058F,M,20
PPXJ30058F,S,7
PPXJ30058F,XL,20
PPXJ30058F,XXL,9
PPXJ30058G,L,20
PPXJ30058G,M,20
PPXJ30058G,S,4
PPXJ30058G,XL,20
PPXJ30058G,XXL,4
PPXJ30058H,L,7
PPXJ30058H,M,9
PPXJ30058H,S,3
PPXJ30058H,XL,6
PPXJ30058H,XXL,1
PPXJ30058I,L,12
PPXJ30058I,M,10
PPXJ30058I,S,1
PPXJ30058I,XL,11
PPXJ30058I,XXL,1
PPXJ30060A,L,0
PPXJ30060A,M,0
PPXJ30060A,S,0
PPXJ30060A,XL,0
PPXJ30060A,XXL,0
PPXJ30060C,L,4
PPXJ30060C,M,0
PPXJ30060C,S,0
PPXJ30060C,XL,2
PPXJ30060C,XXL,0
PPXJ30060D,L,7
PPXJ30060D,M,7
PPXJ30060D,S,3
PPXJ30060D,XL,4
PPXJ30060D,XXL,1
PPXJ30060E,L,3
PPXJ30060E,M,0
PPXJ30060E,S,2
PPXJ30060E,XL,0
PPXJ30060E,XXL,0
PPXJ30061B,L,9
PPXJ30061B,M,11
PPXJ30061B,S,5
PPXJ30061B,XL,5
PPXJ30061B,XXL,4
PPXJ30061C,L,2
PPXJ30061C,M,0
PPXJ30061C,S,0
PPXJ30061C,XL,4
PPXJ30061C,XXL,1
PPXJ30062A,L,10
PPXJ30062A,M,5
PPXJ30062A,S,1
PPXJ30062A,XL,0
PPXJ30062A,XXL,1
PPXJ30062C,L,3
PPXJ30062C,M,5
PPXJ30062C,S,1
PPXJ30062C,XL,2
PPXJ30062C,XXL,0
PPXJ30062D,L,5
PPXJ30062D,M,0
PPXJ30062D,S,0
PPXJ30062D,XL,3
PPXJ30062D,XXL,0
PPXJ30062E,L,2
PPXJ30062E,M,2
PPXJ30062E,S,1
PPXJ30062E,XL,1
PPXJ30062E,XXL,1
PPXJ30063A,L,1
PPXJ30063A,M,3
PPXJ30063A,S,1
PPXJ30063A,XL,6
PPXJ30063A,XXL,0
PPXJ30063C,L,4
PPXJ30063C,M,1
PPXJ30063C,S,0
PPXJ30063C,XL,3
PPXJ30063C,XXL,0
PPXJ30063D,L,1
PPXJ30063D,M,0
PPXJ30063D,S,0
PPXJ30063D,XL,3
PPXJ30063D,XXL,0
PPXJ30063E,L,5
PPXJ30063E,M,7
PPXJ30063E,S,0
PPXJ30063E,XL,1
PPXJ30063E,XXL,0
PPXJ30064A,L,5
PPXJ30064A,M,0
PPXJ30064A,S,0
PPXJ30064A,XL,2
PPXJ30064A,XXL,1
